account_name,tweet,time_posted,compound_score,positive_score,neutral_score,negative_score
BBC,üëΩüåç Welcome back to Earth! Six people 'living on Mars' have returned to the outside world. https://t.co/9JWrayvC5X https://t.co/jtIUveZ8bq,Fri Sep 22 18:00:10 +0000 2017,0.5093,0.162,0.838,0.0
BBC,Criminal networks smuggling rhino horn from Africa are turning it into jewellery to evade detection.üò°‚Ä¶ https://t.co/Fn1dYfGaKQ,Fri Sep 22 18:00:10 +0000 2017,-0.7579,0.0,0.683,0.317
BBC,"Tonight, the #LiveLounge Show features music from @Pink, @Harry_Styles, @Stormzy1 and more. 8pm on @BBCFOUR. üé∂‚Ä¶ https://t.co/mXh2rLDb20",Fri Sep 22 18:00:10 +0000 2017,0.0,0.0,1.0,0.0
BBC,üëÄ 'I can see their eyes glowing in the dark &amp; I can hear the crunching of bones.' üò¨ #Tribes via @BBCTwo.‚Ä¶ https://t.co/B5d5GS1e2d,Fri Sep 22 18:00:10 +0000 2017,0.0,0.0,1.0,0.0
BBC,"Monochrome sportswear. Kebab. Techno. Repeat. 
Via @BBCTheSocial. üòÇ https://t.co/mZvHE9W3sZ",Fri Sep 22 18:00:10 +0000 2017,0.0,0.0,1.0,0.0
BBC,Watch as an endangered baby rhino meets her dad for the first time. ‚ù§Ô∏èÔ∏è #WorldRhinoDay https://t.co/fOAoxgI9eO https://t.co/z3dfFVTnXv,Fri Sep 22 18:00:10 +0000 2017,0.0,0.0,1.0,0.0
BBC,This photo changed history. Photographer Ian Berry tells @BBC_Culture about capturing the anti-apartheid movement.‚Ä¶ https://t.co/6VtHRPhdpX,Fri Sep 22 18:00:10 +0000 2017,0.0,0.0,1.0,0.0
BBC,RT @BBC_Teach: Here's today's gem from the #BBCSchools60 archives üëáüëç! We've also put together a collection of clips and a quiz üëâhttps://t.c‚Ä¶,Fri Sep 22 18:00:10 +0000 2017,0.0,0.0,1.0,0.0
BBC,Professional gamer Shan Chen used to encounter men who thought she couldn't play ‚Äì now she leaves them in her dust.‚Ä¶ https://t.co/7r80qF04bq,Fri Sep 22 18:00:10 +0000 2017,-0.2584,0.0,0.908,0.092
BBC,üìª Electric cars were more popular in the late 1800s than gasoline cars - especially with women. ‚ö°Ô∏èüöô‚Ä¶ https://t.co/aa2PzahPh5,Fri Sep 22 18:00:10 +0000 2017,0.4754,0.162,0.838,0.0
BBC,"At 18.46 cubic metres, this bug hotel in Lancashire holds the @GWR for being the biggest in the world. Via‚Ä¶ https://t.co/4BTGtuQCYi",Fri Sep 22 18:00:10 +0000 2017,0.0,0.0,1.0,0.0
BBC,6 pieces of celebrity advice for when you just need to get yourself together. https://t.co/tVEANDkar3 https://t.co/twOBZhLDUF,Fri Sep 22 18:00:10 +0000 2017,0.0,0.0,1.0,0.0
BBC,RT @bbcpress: üéß New primetime music show #SoundsLikeFridayNight bursts onto @BBCOne this Oct with hosts @GregJames &amp; @AmplifyDot: https://t‚Ä¶,Fri Sep 22 18:00:10 +0000 2017,0.0,0.0,1.0,0.0
BBC,"RT @BBCR1: ""Mental health is a real thing, you never know what people are going through.""

JAY-Z on the importance of talking about mental‚Ä¶",Fri Sep 22 18:00:10 +0000 2017,0.3612,0.102,0.898,0.0
BBC,"RT @BBCR1: üéº A man who don't take care of his family can't be rich üé§

JAY-Z's Family Feud sounds INCREDIBLE in the Live Lounge üòÖ

#R1LiveLo‚Ä¶",Fri Sep 22 18:00:10 +0000 2017,-0.7877,0.0,0.716,0.284
BBC,5 things we've learnt from @Hemmch on how NOT to be a man. https://t.co/egEB5HWrTR https://t.co/NovzhyMYuU,Fri Sep 22 18:00:10 +0000 2017,0.0,0.0,1.0,0.0
BBC,‚ùÑÔ∏èüéÑ An ice museum full of life-sized sculptures is the latest attraction to Edinburgh's Christmas.‚Ä¶ https://t.co/u3fFtbEgUE,Fri Sep 22 18:00:10 +0000 2017,0.4588,0.167,0.833,0.0
BBC,"RT @BBCR1: JAY-Z gives us chills with his special performance of @LinkinPark collaboration Numb/Encore in the Live Lounge üíô

#R1LiveLoungeM‚Ä¶",Fri Sep 22 18:00:10 +0000 2017,0.4019,0.13,0.87,0.0
BBC,"üé§  'Oh my goodness! It's like looking into a mirror!' 
When the UK‚Äôs no.1 @DollyParton tribute act met the woman he‚Ä¶ https://t.co/UWz9jtTjgI",Fri Sep 22 18:00:10 +0000 2017,0.7256,0.253,0.747,0.0
BBC,"RT @BBCR1: ‚ö†Ô∏è IT'S TIME ‚ö†Ô∏è

Hear JAY-Z perform in Radio 1's Live Lounge NOW üí•

Watch &amp; listen üëâ https://t.co/48RuyzVNDg 

#R1LiveLoungeMont‚Ä¶",Fri Sep 22 18:00:10 +0000 2017,0.0,0.0,1.0,0.0
BBC,üëΩüåç Welcome back to Earth! Six people 'living on Mars' have returned to the outside world. https://t.co/9JWrayvC5X https://t.co/jtIUveZ8bq,Fri Sep 22 17:30:05 +0000 2017,0.5093,0.162,0.838,0.0
BBC,Criminal networks smuggling rhino horn from Africa are turning it into jewellery to evade detection.üò°‚Ä¶ https://t.co/Fn1dYfGaKQ,Fri Sep 22 17:30:05 +0000 2017,-0.7579,0.0,0.683,0.317
BBC,"Tonight, the #LiveLounge Show features music from @Pink, @Harry_Styles, @Stormzy1 and more. 8pm on @BBCFOUR. üé∂‚Ä¶ https://t.co/mXh2rLDb20",Fri Sep 22 17:30:05 +0000 2017,0.0,0.0,1.0,0.0
BBC,üëÄ 'I can see their eyes glowing in the dark &amp; I can hear the crunching of bones.' üò¨ #Tribes via @BBCTwo.‚Ä¶ https://t.co/B5d5GS1e2d,Fri Sep 22 17:30:05 +0000 2017,0.0,0.0,1.0,0.0
BBC,"Monochrome sportswear. Kebab. Techno. Repeat. 
Via @BBCTheSocial. üòÇ https://t.co/mZvHE9W3sZ",Fri Sep 22 17:30:05 +0000 2017,0.0,0.0,1.0,0.0
BBC,Watch as an endangered baby rhino meets her dad for the first time. ‚ù§Ô∏èÔ∏è #WorldRhinoDay https://t.co/fOAoxgI9eO https://t.co/z3dfFVTnXv,Fri Sep 22 17:30:05 +0000 2017,0.0,0.0,1.0,0.0
BBC,This photo changed history. Photographer Ian Berry tells @BBC_Culture about capturing the anti-apartheid movement.‚Ä¶ https://t.co/6VtHRPhdpX,Fri Sep 22 17:30:05 +0000 2017,0.0,0.0,1.0,0.0
BBC,RT @BBC_Teach: Here's today's gem from the #BBCSchools60 archives üëáüëç! We've also put together a collection of clips and a quiz üëâhttps://t.c‚Ä¶,Fri Sep 22 17:30:05 +0000 2017,0.0,0.0,1.0,0.0
BBC,Professional gamer Shan Chen used to encounter men who thought she couldn't play ‚Äì now she leaves them in her dust.‚Ä¶ https://t.co/7r80qF04bq,Fri Sep 22 17:30:05 +0000 2017,-0.2584,0.0,0.908,0.092
BBC,üìª Electric cars were more popular in the late 1800s than gasoline cars - especially with women. ‚ö°Ô∏èüöô‚Ä¶ https://t.co/aa2PzahPh5,Fri Sep 22 17:30:05 +0000 2017,0.4754,0.162,0.838,0.0
BBC,"At 18.46 cubic metres, this bug hotel in Lancashire holds the @GWR for being the biggest in the world. Via‚Ä¶ https://t.co/4BTGtuQCYi",Fri Sep 22 17:30:05 +0000 2017,0.0,0.0,1.0,0.0
BBC,6 pieces of celebrity advice for when you just need to get yourself together. https://t.co/tVEANDkar3 https://t.co/twOBZhLDUF,Fri Sep 22 17:30:05 +0000 2017,0.0,0.0,1.0,0.0
BBC,RT @bbcpress: üéß New primetime music show #SoundsLikeFridayNight bursts onto @BBCOne this Oct with hosts @GregJames &amp; @AmplifyDot: https://t‚Ä¶,Fri Sep 22 17:30:05 +0000 2017,0.0,0.0,1.0,0.0
BBC,"RT @BBCR1: ""Mental health is a real thing, you never know what people are going through.""

JAY-Z on the importance of talking about mental‚Ä¶",Fri Sep 22 17:30:05 +0000 2017,0.3612,0.102,0.898,0.0
BBC,"RT @BBCR1: üéº A man who don't take care of his family can't be rich üé§

JAY-Z's Family Feud sounds INCREDIBLE in the Live Lounge üòÖ

#R1LiveLo‚Ä¶",Fri Sep 22 17:30:05 +0000 2017,-0.7877,0.0,0.716,0.284
BBC,5 things we've learnt from @Hemmch on how NOT to be a man. https://t.co/egEB5HWrTR https://t.co/NovzhyMYuU,Fri Sep 22 17:30:05 +0000 2017,0.0,0.0,1.0,0.0
BBC,‚ùÑÔ∏èüéÑ An ice museum full of life-sized sculptures is the latest attraction to Edinburgh's Christmas.‚Ä¶ https://t.co/u3fFtbEgUE,Fri Sep 22 17:30:05 +0000 2017,0.4588,0.167,0.833,0.0
BBC,"RT @BBCR1: JAY-Z gives us chills with his special performance of @LinkinPark collaboration Numb/Encore in the Live Lounge üíô

#R1LiveLoungeM‚Ä¶",Fri Sep 22 17:30:05 +0000 2017,0.4019,0.13,0.87,0.0
BBC,"üé§  'Oh my goodness! It's like looking into a mirror!' 
When the UK‚Äôs no.1 @DollyParton tribute act met the woman he‚Ä¶ https://t.co/UWz9jtTjgI",Fri Sep 22 17:30:05 +0000 2017,0.7256,0.253,0.747,0.0
BBC,"RT @BBCR1: ‚ö†Ô∏è IT'S TIME ‚ö†Ô∏è

Hear JAY-Z perform in Radio 1's Live Lounge NOW üí•

Watch &amp; listen üëâ https://t.co/48RuyzVNDg 

#R1LiveLoungeMont‚Ä¶",Fri Sep 22 17:30:05 +0000 2017,0.0,0.0,1.0,0.0
BBC,üëΩüåç Welcome back to Earth! Six people 'living on Mars' have returned to the outside world. https://t.co/9JWrayvC5X https://t.co/jtIUveZ8bq,Fri Sep 22 17:15:05 +0000 2017,0.5093,0.162,0.838,0.0
BBC,Criminal networks smuggling rhino horn from Africa are turning it into jewellery to evade detection.üò°‚Ä¶ https://t.co/Fn1dYfGaKQ,Fri Sep 22 17:15:05 +0000 2017,-0.7579,0.0,0.683,0.317
BBC,"Tonight, the #LiveLounge Show features music from @Pink, @Harry_Styles, @Stormzy1 and more. 8pm on @BBCFOUR. üé∂‚Ä¶ https://t.co/mXh2rLDb20",Fri Sep 22 17:15:05 +0000 2017,0.0,0.0,1.0,0.0
BBC,üëÄ 'I can see their eyes glowing in the dark &amp; I can hear the crunching of bones.' üò¨ #Tribes via @BBCTwo.‚Ä¶ https://t.co/B5d5GS1e2d,Fri Sep 22 17:15:05 +0000 2017,0.0,0.0,1.0,0.0
BBC,"Monochrome sportswear. Kebab. Techno. Repeat. 
Via @BBCTheSocial. üòÇ https://t.co/mZvHE9W3sZ",Fri Sep 22 17:15:05 +0000 2017,0.0,0.0,1.0,0.0
BBC,Watch as an endangered baby rhino meets her dad for the first time. ‚ù§Ô∏èÔ∏è #WorldRhinoDay https://t.co/fOAoxgI9eO https://t.co/z3dfFVTnXv,Fri Sep 22 17:15:05 +0000 2017,0.0,0.0,1.0,0.0
BBC,This photo changed history. Photographer Ian Berry tells @BBC_Culture about capturing the anti-apartheid movement.‚Ä¶ https://t.co/6VtHRPhdpX,Fri Sep 22 17:15:05 +0000 2017,0.0,0.0,1.0,0.0
BBC,RT @BBC_Teach: Here's today's gem from the #BBCSchools60 archives üëáüëç! We've also put together a collection of clips and a quiz üëâhttps://t.c‚Ä¶,Fri Sep 22 17:15:05 +0000 2017,0.0,0.0,1.0,0.0
BBC,Professional gamer Shan Chen used to encounter men who thought she couldn't play ‚Äì now she leaves them in her dust.‚Ä¶ https://t.co/7r80qF04bq,Fri Sep 22 17:15:05 +0000 2017,-0.2584,0.0,0.908,0.092
BBC,üìª Electric cars were more popular in the late 1800s than gasoline cars - especially with women. ‚ö°Ô∏èüöô‚Ä¶ https://t.co/aa2PzahPh5,Fri Sep 22 17:15:05 +0000 2017,0.4754,0.162,0.838,0.0
BBC,"At 18.46 cubic metres, this bug hotel in Lancashire holds the @GWR for being the biggest in the world. Via‚Ä¶ https://t.co/4BTGtuQCYi",Fri Sep 22 17:15:05 +0000 2017,0.0,0.0,1.0,0.0
BBC,6 pieces of celebrity advice for when you just need to get yourself together. https://t.co/tVEANDkar3 https://t.co/twOBZhLDUF,Fri Sep 22 17:15:05 +0000 2017,0.0,0.0,1.0,0.0
BBC,RT @bbcpress: üéß New primetime music show #SoundsLikeFridayNight bursts onto @BBCOne this Oct with hosts @GregJames &amp; @AmplifyDot: https://t‚Ä¶,Fri Sep 22 17:15:05 +0000 2017,0.0,0.0,1.0,0.0
BBC,"RT @BBCR1: ""Mental health is a real thing, you never know what people are going through.""

JAY-Z on the importance of talking about mental‚Ä¶",Fri Sep 22 17:15:05 +0000 2017,0.3612,0.102,0.898,0.0
BBC,"RT @BBCR1: üéº A man who don't take care of his family can't be rich üé§

JAY-Z's Family Feud sounds INCREDIBLE in the Live Lounge üòÖ

#R1LiveLo‚Ä¶",Fri Sep 22 17:15:05 +0000 2017,-0.7877,0.0,0.716,0.284
BBC,5 things we've learnt from @Hemmch on how NOT to be a man. https://t.co/egEB5HWrTR https://t.co/NovzhyMYuU,Fri Sep 22 17:15:05 +0000 2017,0.0,0.0,1.0,0.0
BBC,‚ùÑÔ∏èüéÑ An ice museum full of life-sized sculptures is the latest attraction to Edinburgh's Christmas.‚Ä¶ https://t.co/u3fFtbEgUE,Fri Sep 22 17:15:05 +0000 2017,0.4588,0.167,0.833,0.0
BBC,"RT @BBCR1: JAY-Z gives us chills with his special performance of @LinkinPark collaboration Numb/Encore in the Live Lounge üíô

#R1LiveLoungeM‚Ä¶",Fri Sep 22 17:15:05 +0000 2017,0.4019,0.13,0.87,0.0
BBC,"üé§  'Oh my goodness! It's like looking into a mirror!' 
When the UK‚Äôs no.1 @DollyParton tribute act met the woman he‚Ä¶ https://t.co/UWz9jtTjgI",Fri Sep 22 17:15:05 +0000 2017,0.7256,0.253,0.747,0.0
BBC,"RT @BBCR1: ‚ö†Ô∏è IT'S TIME ‚ö†Ô∏è

Hear JAY-Z perform in Radio 1's Live Lounge NOW üí•

Watch &amp; listen üëâ https://t.co/48RuyzVNDg 

#R1LiveLoungeMont‚Ä¶",Fri Sep 22 17:15:05 +0000 2017,0.0,0.0,1.0,0.0
BBC,üëΩüåç Welcome back to Earth! Six people 'living on Mars' have returned to the outside world. https://t.co/9JWrayvC5X https://t.co/jtIUveZ8bq,Fri Sep 22 17:01:06 +0000 2017,0.5093,0.162,0.838,0.0
BBC,Criminal networks smuggling rhino horn from Africa are turning it into jewellery to evade detection.üò°‚Ä¶ https://t.co/Fn1dYfGaKQ,Fri Sep 22 17:01:06 +0000 2017,-0.7579,0.0,0.683,0.317
BBC,"Tonight, the #LiveLounge Show features music from @Pink, @Harry_Styles, @Stormzy1 and more. 8pm on @BBCFOUR. üé∂‚Ä¶ https://t.co/mXh2rLDb20",Fri Sep 22 17:01:06 +0000 2017,0.0,0.0,1.0,0.0
BBC,üëÄ 'I can see their eyes glowing in the dark &amp; I can hear the crunching of bones.' üò¨ #Tribes via @BBCTwo.‚Ä¶ https://t.co/B5d5GS1e2d,Fri Sep 22 17:01:06 +0000 2017,0.0,0.0,1.0,0.0
BBC,"Monochrome sportswear. Kebab. Techno. Repeat. 
Via @BBCTheSocial. üòÇ https://t.co/mZvHE9W3sZ",Fri Sep 22 17:01:06 +0000 2017,0.0,0.0,1.0,0.0
BBC,Watch as an endangered baby rhino meets her dad for the first time. ‚ù§Ô∏èÔ∏è #WorldRhinoDay https://t.co/fOAoxgI9eO https://t.co/z3dfFVTnXv,Fri Sep 22 17:01:06 +0000 2017,0.0,0.0,1.0,0.0
BBC,This photo changed history. Photographer Ian Berry tells @BBC_Culture about capturing the anti-apartheid movement.‚Ä¶ https://t.co/6VtHRPhdpX,Fri Sep 22 17:01:06 +0000 2017,0.0,0.0,1.0,0.0
BBC,RT @BBC_Teach: Here's today's gem from the #BBCSchools60 archives üëáüëç! We've also put together a collection of clips and a quiz üëâhttps://t.c‚Ä¶,Fri Sep 22 17:01:06 +0000 2017,0.0,0.0,1.0,0.0
BBC,Professional gamer Shan Chen used to encounter men who thought she couldn't play ‚Äì now she leaves them in her dust.‚Ä¶ https://t.co/7r80qF04bq,Fri Sep 22 17:01:06 +0000 2017,-0.2584,0.0,0.908,0.092
BBC,üìª Electric cars were more popular in the late 1800s than gasoline cars - especially with women. ‚ö°Ô∏èüöô‚Ä¶ https://t.co/aa2PzahPh5,Fri Sep 22 17:01:06 +0000 2017,0.4754,0.162,0.838,0.0
BBC,"At 18.46 cubic metres, this bug hotel in Lancashire holds the @GWR for being the biggest in the world. Via‚Ä¶ https://t.co/4BTGtuQCYi",Fri Sep 22 17:01:06 +0000 2017,0.0,0.0,1.0,0.0
BBC,6 pieces of celebrity advice for when you just need to get yourself together. https://t.co/tVEANDkar3 https://t.co/twOBZhLDUF,Fri Sep 22 17:01:06 +0000 2017,0.0,0.0,1.0,0.0
BBC,RT @bbcpress: üéß New primetime music show #SoundsLikeFridayNight bursts onto @BBCOne this Oct with hosts @GregJames &amp; @AmplifyDot: https://t‚Ä¶,Fri Sep 22 17:01:06 +0000 2017,0.0,0.0,1.0,0.0
BBC,"RT @BBCR1: ""Mental health is a real thing, you never know what people are going through.""

JAY-Z on the importance of talking about mental‚Ä¶",Fri Sep 22 17:01:06 +0000 2017,0.3612,0.102,0.898,0.0
BBC,"RT @BBCR1: üéº A man who don't take care of his family can't be rich üé§

JAY-Z's Family Feud sounds INCREDIBLE in the Live Lounge üòÖ

#R1LiveLo‚Ä¶",Fri Sep 22 17:01:06 +0000 2017,-0.7877,0.0,0.716,0.284
BBC,5 things we've learnt from @Hemmch on how NOT to be a man. https://t.co/egEB5HWrTR https://t.co/NovzhyMYuU,Fri Sep 22 17:01:06 +0000 2017,0.0,0.0,1.0,0.0
BBC,‚ùÑÔ∏èüéÑ An ice museum full of life-sized sculptures is the latest attraction to Edinburgh's Christmas.‚Ä¶ https://t.co/u3fFtbEgUE,Fri Sep 22 17:01:06 +0000 2017,0.4588,0.167,0.833,0.0
BBC,"RT @BBCR1: JAY-Z gives us chills with his special performance of @LinkinPark collaboration Numb/Encore in the Live Lounge üíô

#R1LiveLoungeM‚Ä¶",Fri Sep 22 17:01:06 +0000 2017,0.4019,0.13,0.87,0.0
BBC,"üé§  'Oh my goodness! It's like looking into a mirror!' 
When the UK‚Äôs no.1 @DollyParton tribute act met the woman he‚Ä¶ https://t.co/UWz9jtTjgI",Fri Sep 22 17:01:06 +0000 2017,0.7256,0.253,0.747,0.0
BBC,"RT @BBCR1: ‚ö†Ô∏è IT'S TIME ‚ö†Ô∏è

Hear JAY-Z perform in Radio 1's Live Lounge NOW üí•

Watch &amp; listen üëâ https://t.co/48RuyzVNDg 

#R1LiveLoungeMont‚Ä¶",Fri Sep 22 17:01:06 +0000 2017,0.0,0.0,1.0,0.0
BBC,üëΩüåç Welcome back to Earth! Six people 'living on Mars' have returned to the outside world. https://t.co/9JWrayvC5X https://t.co/jtIUveZ8bq,Fri Sep 22 16:32:05 +0000 2017,0.5093,0.162,0.838,0.0
BBC,Criminal networks smuggling rhino horn from Africa are turning it into jewellery to evade detection.üò°‚Ä¶ https://t.co/Fn1dYfGaKQ,Fri Sep 22 16:32:05 +0000 2017,-0.7579,0.0,0.683,0.317
BBC,"Tonight, the #LiveLounge Show features music from @Pink, @Harry_Styles, @Stormzy1 and more. 8pm on @BBCFOUR. üé∂‚Ä¶ https://t.co/mXh2rLDb20",Fri Sep 22 16:32:05 +0000 2017,0.0,0.0,1.0,0.0
BBC,üëÄ 'I can see their eyes glowing in the dark &amp; I can hear the crunching of bones.' üò¨ #Tribes via @BBCTwo.‚Ä¶ https://t.co/B5d5GS1e2d,Fri Sep 22 16:32:05 +0000 2017,0.0,0.0,1.0,0.0
BBC,"Monochrome sportswear. Kebab. Techno. Repeat. 
Via @BBCTheSocial. üòÇ https://t.co/mZvHE9W3sZ",Fri Sep 22 16:32:05 +0000 2017,0.0,0.0,1.0,0.0
BBC,Watch as an endangered baby rhino meets her dad for the first time. ‚ù§Ô∏èÔ∏è #WorldRhinoDay https://t.co/fOAoxgI9eO https://t.co/z3dfFVTnXv,Fri Sep 22 16:32:05 +0000 2017,0.0,0.0,1.0,0.0
BBC,This photo changed history. Photographer Ian Berry tells @BBC_Culture about capturing the anti-apartheid movement.‚Ä¶ https://t.co/6VtHRPhdpX,Fri Sep 22 16:32:05 +0000 2017,0.0,0.0,1.0,0.0
BBC,RT @BBC_Teach: Here's today's gem from the #BBCSchools60 archives üëáüëç! We've also put together a collection of clips and a quiz üëâhttps://t.c‚Ä¶,Fri Sep 22 16:32:05 +0000 2017,0.0,0.0,1.0,0.0
BBC,Professional gamer Shan Chen used to encounter men who thought she couldn't play ‚Äì now she leaves them in her dust.‚Ä¶ https://t.co/7r80qF04bq,Fri Sep 22 16:32:05 +0000 2017,-0.2584,0.0,0.908,0.092
BBC,üìª Electric cars were more popular in the late 1800s than gasoline cars - especially with women. ‚ö°Ô∏èüöô‚Ä¶ https://t.co/aa2PzahPh5,Fri Sep 22 16:32:05 +0000 2017,0.4754,0.162,0.838,0.0
BBC,"At 18.46 cubic metres, this bug hotel in Lancashire holds the @GWR for being the biggest in the world. Via‚Ä¶ https://t.co/4BTGtuQCYi",Fri Sep 22 16:32:05 +0000 2017,0.0,0.0,1.0,0.0
BBC,6 pieces of celebrity advice for when you just need to get yourself together. https://t.co/tVEANDkar3 https://t.co/twOBZhLDUF,Fri Sep 22 16:32:05 +0000 2017,0.0,0.0,1.0,0.0
BBC,RT @bbcpress: üéß New primetime music show #SoundsLikeFridayNight bursts onto @BBCOne this Oct with hosts @GregJames &amp; @AmplifyDot: https://t‚Ä¶,Fri Sep 22 16:32:05 +0000 2017,0.0,0.0,1.0,0.0
BBC,"RT @BBCR1: ""Mental health is a real thing, you never know what people are going through.""

JAY-Z on the importance of talking about mental‚Ä¶",Fri Sep 22 16:32:05 +0000 2017,0.3612,0.102,0.898,0.0
BBC,"RT @BBCR1: üéº A man who don't take care of his family can't be rich üé§

JAY-Z's Family Feud sounds INCREDIBLE in the Live Lounge üòÖ

#R1LiveLo‚Ä¶",Fri Sep 22 16:32:05 +0000 2017,-0.7877,0.0,0.716,0.284
BBC,5 things we've learnt from @Hemmch on how NOT to be a man. https://t.co/egEB5HWrTR https://t.co/NovzhyMYuU,Fri Sep 22 16:32:05 +0000 2017,0.0,0.0,1.0,0.0
BBC,‚ùÑÔ∏èüéÑ An ice museum full of life-sized sculptures is the latest attraction to Edinburgh's Christmas.‚Ä¶ https://t.co/u3fFtbEgUE,Fri Sep 22 16:32:05 +0000 2017,0.4588,0.167,0.833,0.0
BBC,"RT @BBCR1: JAY-Z gives us chills with his special performance of @LinkinPark collaboration Numb/Encore in the Live Lounge üíô

#R1LiveLoungeM‚Ä¶",Fri Sep 22 16:32:05 +0000 2017,0.4019,0.13,0.87,0.0
BBC,"üé§  'Oh my goodness! It's like looking into a mirror!' 
When the UK‚Äôs no.1 @DollyParton tribute act met the woman he‚Ä¶ https://t.co/UWz9jtTjgI",Fri Sep 22 16:32:05 +0000 2017,0.7256,0.253,0.747,0.0
BBC,"RT @BBCR1: ‚ö†Ô∏è IT'S TIME ‚ö†Ô∏è

Hear JAY-Z perform in Radio 1's Live Lounge NOW üí•

Watch &amp; listen üëâ https://t.co/48RuyzVNDg 

#R1LiveLoungeMont‚Ä¶",Fri Sep 22 16:32:05 +0000 2017,0.0,0.0,1.0,0.0
CBS,RT @startrekcbs: Share your best Trek pride photos &amp; videos using #AfterTrek and we may feature you LIVE on the #StarTrekDiscovery After Sh‚Ä¶,Fri Sep 22 22:03:17 +0000 2017,0.8316,0.306,0.694,0.0
CBS,RT @MeMyselfAndICBS: That moment when @lakers president @jeaniebuss drops the mic with her #AdviceToMyFutureSelf üèÄüèÜ https://t.co/pzrSDXxMLZ,Fri Sep 22 22:03:17 +0000 2017,0.0,0.0,1.0,0.0
CBS,RT @MeMyselfAndICBS: .@bibbymoynihan's back! This time he asks @wbtourhollywood guests for advice to their FUTURE selves. Share yours with‚Ä¶,Fri Sep 22 22:03:17 +0000 2017,0.3595,0.122,0.878,0.0
CBS,RT @startrekcbs: Want more #StarTrekDiscovery? Make it so! #AfterTrek debuts Sunday with @SonequaMG and more stars from the show! https://t‚Ä¶,Fri Sep 22 22:03:17 +0000 2017,0.2225,0.09,0.91,0.0
CBS,"RT @9JKLCBS: Like the Roberts, all families have their awkward moments. Share your best story with #MyAwkwardFamily and we might RT you! #9‚Ä¶",Fri Sep 22 22:03:17 +0000 2017,0.8221,0.309,0.638,0.054
CBS,"RT @MeMyselfAndICBS: You can't change the past, but if you could, what advice would you give to yourself? Share it with #AdviceToMyYoungerS‚Ä¶",Fri Sep 22 22:03:17 +0000 2017,0.4215,0.118,0.882,0.0
CBS,Mark your calendars for a spooky special! 'Michael Jackson's Halloween' will air October 27 on CBS:‚Ä¶ https://t.co/ulNRxg197Q,Fri Sep 22 22:03:17 +0000 2017,0.4574,0.166,0.834,0.0
CBS,".@zanelowe swings by @latelateshow tonight with @billieeilish, the latest @AppleMusic #UpNext artist. Tune in! https://t.co/Hy22dcTnVw",Fri Sep 22 22:03:17 +0000 2017,0.0,0.0,1.0,0.0
CBS,RT @MeMyselfAndICBS: What were @bibbymoynihan &amp; @jaleelwhite like at age 14? The funny friends reflect on their teen years! #MeMyselfandI h‚Ä¶,Fri Sep 22 22:03:17 +0000 2017,0.8313,0.328,0.672,0.0
CBS,RT @startrekcbs: Snap to transport yourself to another world. Unlock the exclusive #StarTrekDiscovery @Snapchat lens now: https://t.co/BNGl‚Ä¶,Fri Sep 22 22:03:17 +0000 2017,0.128,0.086,0.914,0.0
CBS,RT @MeMyselfAndICBS: Any advice for your younger self? @bibbymoynihan asks @wbtourhollywood visitors this question! Share yours with #Advic‚Ä¶,Fri Sep 22 22:03:17 +0000 2017,0.3595,0.128,0.872,0.0
CBS,Screenwriter and actress @LenaWaithe made history at this year's #Emmys. Watch her powerful acceptance speech:‚Ä¶ https://t.co/ZeHM4gKQ5G,Fri Sep 22 22:03:17 +0000 2017,0.7003,0.293,0.707,0.0
CBS,Check out the photos of some behind-the-scenes moments you may have missed from TV's biggest night:‚Ä¶ https://t.co/IyMJEOUZfQ,Fri Sep 22 22:03:17 +0000 2017,-0.296,0.0,0.879,0.121
CBS,RT @9JKLCBS: #9JKL is based on some of @markfeuerstein's most awkward family moments. What are yours? Share your stories with #MyAwkwardFam‚Ä¶,Fri Sep 22 22:03:17 +0000 2017,0.079,0.095,0.823,0.082
CBS,Relive all the excitement and find out who won big at the 69th Emmy¬Æ Awards. See the full list of winners:‚Ä¶ https://t.co/lGBOjealgU,Fri Sep 22 22:03:17 +0000 2017,0.872,0.343,0.657,0.0
CBS,See the biggest names in television light up the #Emmys red carpet: https://t.co/5yaM4UF4KX #ICYMI https://t.co/4qh6onq8OF,Fri Sep 22 22:03:17 +0000 2017,0.0,0.0,1.0,0.0
CBS,Host Stephen Colbert blew the audience away with his opening number at the #Emmys. Watch the full clip:‚Ä¶ https://t.co/Rv3NwjJuKZ,Fri Sep 22 22:03:17 +0000 2017,0.0772,0.067,0.933,0.0
CBS,Did you miss television's biggest night? Catch up on the #Emmys now: https://t.co/EMxWKauzMb https://t.co/2Y71gw7Jr7,Fri Sep 22 22:03:17 +0000 2017,-0.1531,0.0,0.89,0.11
CBS,Catch up on all the entertaining speeches and big wins from the most glamorous night on TV. Watch the #Emmys now:‚Ä¶ https://t.co/FRoKq9OFTs,Fri Sep 22 22:03:17 +0000 2017,0.8805,0.349,0.651,0.0
CBS,Who took home a golden statuette? See the complete list of winners from the #Emmys: https://t.co/W9VduVc9lp https://t.co/d5FqBXDhtn,Fri Sep 22 22:03:17 +0000 2017,0.4767,0.171,0.829,0.0
CBS,RT @startrekcbs: Share your best Trek pride photos &amp; videos using #AfterTrek and we may feature you LIVE on the #StarTrekDiscovery After Sh‚Ä¶,Fri Sep 22 21:05:06 +0000 2017,0.8316,0.306,0.694,0.0
CBS,RT @MeMyselfAndICBS: That moment when @lakers president @jeaniebuss drops the mic with her #AdviceToMyFutureSelf üèÄüèÜ https://t.co/pzrSDXxMLZ,Fri Sep 22 21:05:06 +0000 2017,0.0,0.0,1.0,0.0
CBS,RT @MeMyselfAndICBS: .@bibbymoynihan's back! This time he asks @wbtourhollywood guests for advice to their FUTURE selves. Share yours with‚Ä¶,Fri Sep 22 21:05:06 +0000 2017,0.3595,0.122,0.878,0.0
CBS,RT @startrekcbs: Want more #StarTrekDiscovery? Make it so! #AfterTrek debuts Sunday with @SonequaMG and more stars from the show! https://t‚Ä¶,Fri Sep 22 21:05:06 +0000 2017,0.2225,0.09,0.91,0.0
CBS,"RT @9JKLCBS: Like the Roberts, all families have their awkward moments. Share your best story with #MyAwkwardFamily and we might RT you! #9‚Ä¶",Fri Sep 22 21:05:06 +0000 2017,0.8221,0.309,0.638,0.054
CBS,"RT @MeMyselfAndICBS: You can't change the past, but if you could, what advice would you give to yourself? Share it with #AdviceToMyYoungerS‚Ä¶",Fri Sep 22 21:05:06 +0000 2017,0.4215,0.118,0.882,0.0
CBS,Mark your calendars for a spooky special! 'Michael Jackson's Halloween' will air October 27 on CBS:‚Ä¶ https://t.co/ulNRxg197Q,Fri Sep 22 21:05:06 +0000 2017,0.4574,0.166,0.834,0.0
CBS,".@zanelowe swings by @latelateshow tonight with @billieeilish, the latest @AppleMusic #UpNext artist. Tune in! https://t.co/Hy22dcTnVw",Fri Sep 22 21:05:06 +0000 2017,0.0,0.0,1.0,0.0
CBS,RT @MeMyselfAndICBS: What were @bibbymoynihan &amp; @jaleelwhite like at age 14? The funny friends reflect on their teen years! #MeMyselfandI h‚Ä¶,Fri Sep 22 21:05:06 +0000 2017,0.8313,0.328,0.672,0.0
CBS,RT @startrekcbs: Snap to transport yourself to another world. Unlock the exclusive #StarTrekDiscovery @Snapchat lens now: https://t.co/BNGl‚Ä¶,Fri Sep 22 21:05:06 +0000 2017,0.128,0.086,0.914,0.0
CBS,RT @MeMyselfAndICBS: Any advice for your younger self? @bibbymoynihan asks @wbtourhollywood visitors this question! Share yours with #Advic‚Ä¶,Fri Sep 22 21:05:06 +0000 2017,0.3595,0.128,0.872,0.0
CBS,Screenwriter and actress @LenaWaithe made history at this year's #Emmys. Watch her powerful acceptance speech:‚Ä¶ https://t.co/ZeHM4gKQ5G,Fri Sep 22 21:05:06 +0000 2017,0.7003,0.293,0.707,0.0
CBS,Check out the photos of some behind-the-scenes moments you may have missed from TV's biggest night:‚Ä¶ https://t.co/IyMJEOUZfQ,Fri Sep 22 21:05:06 +0000 2017,-0.296,0.0,0.879,0.121
CBS,RT @9JKLCBS: #9JKL is based on some of @markfeuerstein's most awkward family moments. What are yours? Share your stories with #MyAwkwardFam‚Ä¶,Fri Sep 22 21:05:06 +0000 2017,0.079,0.095,0.823,0.082
CBS,Relive all the excitement and find out who won big at the 69th Emmy¬Æ Awards. See the full list of winners:‚Ä¶ https://t.co/lGBOjealgU,Fri Sep 22 21:05:06 +0000 2017,0.872,0.343,0.657,0.0
CBS,See the biggest names in television light up the #Emmys red carpet: https://t.co/5yaM4UF4KX #ICYMI https://t.co/4qh6onq8OF,Fri Sep 22 21:05:06 +0000 2017,0.0,0.0,1.0,0.0
CBS,Host Stephen Colbert blew the audience away with his opening number at the #Emmys. Watch the full clip:‚Ä¶ https://t.co/Rv3NwjJuKZ,Fri Sep 22 21:05:06 +0000 2017,0.0772,0.067,0.933,0.0
CBS,Did you miss television's biggest night? Catch up on the #Emmys now: https://t.co/EMxWKauzMb https://t.co/2Y71gw7Jr7,Fri Sep 22 21:05:06 +0000 2017,-0.1531,0.0,0.89,0.11
CBS,Catch up on all the entertaining speeches and big wins from the most glamorous night on TV. Watch the #Emmys now:‚Ä¶ https://t.co/FRoKq9OFTs,Fri Sep 22 21:05:06 +0000 2017,0.8805,0.349,0.651,0.0
CBS,Who took home a golden statuette? See the complete list of winners from the #Emmys: https://t.co/W9VduVc9lp https://t.co/d5FqBXDhtn,Fri Sep 22 21:05:06 +0000 2017,0.4767,0.171,0.829,0.0
CBS,RT @startrekcbs: Share your best Trek pride photos &amp; videos using #AfterTrek and we may feature you LIVE on the #StarTrekDiscovery After Sh‚Ä¶,Fri Sep 22 20:22:55 +0000 2017,0.8316,0.306,0.694,0.0
CBS,RT @MeMyselfAndICBS: That moment when @lakers president @jeaniebuss drops the mic with her #AdviceToMyFutureSelf üèÄüèÜ https://t.co/pzrSDXxMLZ,Fri Sep 22 20:22:55 +0000 2017,0.0,0.0,1.0,0.0
CBS,RT @MeMyselfAndICBS: .@bibbymoynihan's back! This time he asks @wbtourhollywood guests for advice to their FUTURE selves. Share yours with‚Ä¶,Fri Sep 22 20:22:55 +0000 2017,0.3595,0.122,0.878,0.0
CBS,RT @startrekcbs: Want more #StarTrekDiscovery? Make it so! #AfterTrek debuts Sunday with @SonequaMG and more stars from the show! https://t‚Ä¶,Fri Sep 22 20:22:55 +0000 2017,0.2225,0.09,0.91,0.0
CBS,"RT @9JKLCBS: Like the Roberts, all families have their awkward moments. Share your best story with #MyAwkwardFamily and we might RT you! #9‚Ä¶",Fri Sep 22 20:22:55 +0000 2017,0.8221,0.309,0.638,0.054
CBS,"RT @MeMyselfAndICBS: You can't change the past, but if you could, what advice would you give to yourself? Share it with #AdviceToMyYoungerS‚Ä¶",Fri Sep 22 20:22:55 +0000 2017,0.4215,0.118,0.882,0.0
CBS,Mark your calendars for a spooky special! 'Michael Jackson's Halloween' will air October 27 on CBS:‚Ä¶ https://t.co/ulNRxg197Q,Fri Sep 22 20:22:55 +0000 2017,0.4574,0.166,0.834,0.0
CBS,".@zanelowe swings by @latelateshow tonight with @billieeilish, the latest @AppleMusic #UpNext artist. Tune in! https://t.co/Hy22dcTnVw",Fri Sep 22 20:22:55 +0000 2017,0.0,0.0,1.0,0.0
CBS,RT @MeMyselfAndICBS: What were @bibbymoynihan &amp; @jaleelwhite like at age 14? The funny friends reflect on their teen years! #MeMyselfandI h‚Ä¶,Fri Sep 22 20:22:55 +0000 2017,0.8313,0.328,0.672,0.0
CBS,RT @startrekcbs: Snap to transport yourself to another world. Unlock the exclusive #StarTrekDiscovery @Snapchat lens now: https://t.co/BNGl‚Ä¶,Fri Sep 22 20:22:55 +0000 2017,0.128,0.086,0.914,0.0
CBS,RT @MeMyselfAndICBS: Any advice for your younger self? @bibbymoynihan asks @wbtourhollywood visitors this question! Share yours with #Advic‚Ä¶,Fri Sep 22 20:22:55 +0000 2017,0.3595,0.128,0.872,0.0
CBS,Screenwriter and actress @LenaWaithe made history at this year's #Emmys. Watch her powerful acceptance speech:‚Ä¶ https://t.co/ZeHM4gKQ5G,Fri Sep 22 20:22:55 +0000 2017,0.7003,0.293,0.707,0.0
CBS,Check out the photos of some behind-the-scenes moments you may have missed from TV's biggest night:‚Ä¶ https://t.co/IyMJEOUZfQ,Fri Sep 22 20:22:55 +0000 2017,-0.296,0.0,0.879,0.121
CBS,RT @9JKLCBS: #9JKL is based on some of @markfeuerstein's most awkward family moments. What are yours? Share your stories with #MyAwkwardFam‚Ä¶,Fri Sep 22 20:22:55 +0000 2017,0.079,0.095,0.823,0.082
CBS,Relive all the excitement and find out who won big at the 69th Emmy¬Æ Awards. See the full list of winners:‚Ä¶ https://t.co/lGBOjealgU,Fri Sep 22 20:22:55 +0000 2017,0.872,0.343,0.657,0.0
CBS,See the biggest names in television light up the #Emmys red carpet: https://t.co/5yaM4UF4KX #ICYMI https://t.co/4qh6onq8OF,Fri Sep 22 20:22:55 +0000 2017,0.0,0.0,1.0,0.0
CBS,Host Stephen Colbert blew the audience away with his opening number at the #Emmys. Watch the full clip:‚Ä¶ https://t.co/Rv3NwjJuKZ,Fri Sep 22 20:22:55 +0000 2017,0.0772,0.067,0.933,0.0
CBS,Did you miss television's biggest night? Catch up on the #Emmys now: https://t.co/EMxWKauzMb https://t.co/2Y71gw7Jr7,Fri Sep 22 20:22:55 +0000 2017,-0.1531,0.0,0.89,0.11
CBS,Catch up on all the entertaining speeches and big wins from the most glamorous night on TV. Watch the #Emmys now:‚Ä¶ https://t.co/FRoKq9OFTs,Fri Sep 22 20:22:55 +0000 2017,0.8805,0.349,0.651,0.0
CBS,Who took home a golden statuette? See the complete list of winners from the #Emmys: https://t.co/W9VduVc9lp https://t.co/d5FqBXDhtn,Fri Sep 22 20:22:55 +0000 2017,0.4767,0.171,0.829,0.0
CBS,RT @startrekcbs: Share your best Trek pride photos &amp; videos using #AfterTrek and we may feature you LIVE on the #StarTrekDiscovery After Sh‚Ä¶,Fri Sep 22 19:41:17 +0000 2017,0.8316,0.306,0.694,0.0
CBS,RT @MeMyselfAndICBS: That moment when @lakers president @jeaniebuss drops the mic with her #AdviceToMyFutureSelf üèÄüèÜ https://t.co/pzrSDXxMLZ,Fri Sep 22 19:41:17 +0000 2017,0.0,0.0,1.0,0.0
CBS,RT @MeMyselfAndICBS: .@bibbymoynihan's back! This time he asks @wbtourhollywood guests for advice to their FUTURE selves. Share yours with‚Ä¶,Fri Sep 22 19:41:17 +0000 2017,0.3595,0.122,0.878,0.0
CBS,RT @startrekcbs: Want more #StarTrekDiscovery? Make it so! #AfterTrek debuts Sunday with @SonequaMG and more stars from the show! https://t‚Ä¶,Fri Sep 22 19:41:17 +0000 2017,0.2225,0.09,0.91,0.0
CBS,"RT @9JKLCBS: Like the Roberts, all families have their awkward moments. Share your best story with #MyAwkwardFamily and we might RT you! #9‚Ä¶",Fri Sep 22 19:41:17 +0000 2017,0.8221,0.309,0.638,0.054
CBS,"RT @MeMyselfAndICBS: You can't change the past, but if you could, what advice would you give to yourself? Share it with #AdviceToMyYoungerS‚Ä¶",Fri Sep 22 19:41:17 +0000 2017,0.4215,0.118,0.882,0.0
CBS,Mark your calendars for a spooky special! 'Michael Jackson's Halloween' will air October 27 on CBS:‚Ä¶ https://t.co/ulNRxg197Q,Fri Sep 22 19:41:17 +0000 2017,0.4574,0.166,0.834,0.0
CBS,".@zanelowe swings by @latelateshow tonight with @billieeilish, the latest @AppleMusic #UpNext artist. Tune in! https://t.co/Hy22dcTnVw",Fri Sep 22 19:41:17 +0000 2017,0.0,0.0,1.0,0.0
CBS,RT @MeMyselfAndICBS: What were @bibbymoynihan &amp; @jaleelwhite like at age 14? The funny friends reflect on their teen years! #MeMyselfandI h‚Ä¶,Fri Sep 22 19:41:17 +0000 2017,0.8313,0.328,0.672,0.0
CBS,RT @startrekcbs: Snap to transport yourself to another world. Unlock the exclusive #StarTrekDiscovery @Snapchat lens now: https://t.co/BNGl‚Ä¶,Fri Sep 22 19:41:17 +0000 2017,0.128,0.086,0.914,0.0
CBS,RT @MeMyselfAndICBS: Any advice for your younger self? @bibbymoynihan asks @wbtourhollywood visitors this question! Share yours with #Advic‚Ä¶,Fri Sep 22 19:41:17 +0000 2017,0.3595,0.128,0.872,0.0
CBS,Screenwriter and actress @LenaWaithe made history at this year's #Emmys. Watch her powerful acceptance speech:‚Ä¶ https://t.co/ZeHM4gKQ5G,Fri Sep 22 19:41:17 +0000 2017,0.7003,0.293,0.707,0.0
CBS,Check out the photos of some behind-the-scenes moments you may have missed from TV's biggest night:‚Ä¶ https://t.co/IyMJEOUZfQ,Fri Sep 22 19:41:17 +0000 2017,-0.296,0.0,0.879,0.121
CBS,RT @9JKLCBS: #9JKL is based on some of @markfeuerstein's most awkward family moments. What are yours? Share your stories with #MyAwkwardFam‚Ä¶,Fri Sep 22 19:41:17 +0000 2017,0.079,0.095,0.823,0.082
CBS,Relive all the excitement and find out who won big at the 69th Emmy¬Æ Awards. See the full list of winners:‚Ä¶ https://t.co/lGBOjealgU,Fri Sep 22 19:41:17 +0000 2017,0.872,0.343,0.657,0.0
CBS,See the biggest names in television light up the #Emmys red carpet: https://t.co/5yaM4UF4KX #ICYMI https://t.co/4qh6onq8OF,Fri Sep 22 19:41:17 +0000 2017,0.0,0.0,1.0,0.0
CBS,Host Stephen Colbert blew the audience away with his opening number at the #Emmys. Watch the full clip:‚Ä¶ https://t.co/Rv3NwjJuKZ,Fri Sep 22 19:41:17 +0000 2017,0.0772,0.067,0.933,0.0
CBS,Did you miss television's biggest night? Catch up on the #Emmys now: https://t.co/EMxWKauzMb https://t.co/2Y71gw7Jr7,Fri Sep 22 19:41:17 +0000 2017,-0.1531,0.0,0.89,0.11
CBS,Catch up on all the entertaining speeches and big wins from the most glamorous night on TV. Watch the #Emmys now:‚Ä¶ https://t.co/FRoKq9OFTs,Fri Sep 22 19:41:17 +0000 2017,0.8805,0.349,0.651,0.0
CBS,Who took home a golden statuette? See the complete list of winners from the #Emmys: https://t.co/W9VduVc9lp https://t.co/d5FqBXDhtn,Fri Sep 22 19:41:17 +0000 2017,0.4767,0.171,0.829,0.0
CBS,RT @startrekcbs: Share your best Trek pride photos &amp; videos using #AfterTrek and we may feature you LIVE on the #StarTrekDiscovery After Sh‚Ä¶,Fri Sep 22 18:58:17 +0000 2017,0.8316,0.306,0.694,0.0
CBS,RT @MeMyselfAndICBS: That moment when @lakers president @jeaniebuss drops the mic with her #AdviceToMyFutureSelf üèÄüèÜ https://t.co/pzrSDXxMLZ,Fri Sep 22 18:58:17 +0000 2017,0.0,0.0,1.0,0.0
CBS,RT @MeMyselfAndICBS: .@bibbymoynihan's back! This time he asks @wbtourhollywood guests for advice to their FUTURE selves. Share yours with‚Ä¶,Fri Sep 22 18:58:17 +0000 2017,0.3595,0.122,0.878,0.0
CBS,RT @startrekcbs: Want more #StarTrekDiscovery? Make it so! #AfterTrek debuts Sunday with @SonequaMG and more stars from the show! https://t‚Ä¶,Fri Sep 22 18:58:17 +0000 2017,0.2225,0.09,0.91,0.0
CBS,"RT @9JKLCBS: Like the Roberts, all families have their awkward moments. Share your best story with #MyAwkwardFamily and we might RT you! #9‚Ä¶",Fri Sep 22 18:58:17 +0000 2017,0.8221,0.309,0.638,0.054
CBS,"RT @MeMyselfAndICBS: You can't change the past, but if you could, what advice would you give to yourself? Share it with #AdviceToMyYoungerS‚Ä¶",Fri Sep 22 18:58:17 +0000 2017,0.4215,0.118,0.882,0.0
CBS,Mark your calendars for a spooky special! 'Michael Jackson's Halloween' will air October 27 on CBS:‚Ä¶ https://t.co/ulNRxg197Q,Fri Sep 22 18:58:17 +0000 2017,0.4574,0.166,0.834,0.0
CBS,".@zanelowe swings by @latelateshow tonight with @billieeilish, the latest @AppleMusic #UpNext artist. Tune in! https://t.co/Hy22dcTnVw",Fri Sep 22 18:58:17 +0000 2017,0.0,0.0,1.0,0.0
CBS,RT @MeMyselfAndICBS: What were @bibbymoynihan &amp; @jaleelwhite like at age 14? The funny friends reflect on their teen years! #MeMyselfandI h‚Ä¶,Fri Sep 22 18:58:17 +0000 2017,0.8313,0.328,0.672,0.0
CBS,RT @startrekcbs: Snap to transport yourself to another world. Unlock the exclusive #StarTrekDiscovery @Snapchat lens now: https://t.co/BNGl‚Ä¶,Fri Sep 22 18:58:17 +0000 2017,0.128,0.086,0.914,0.0
CBS,RT @MeMyselfAndICBS: Any advice for your younger self? @bibbymoynihan asks @wbtourhollywood visitors this question! Share yours with #Advic‚Ä¶,Fri Sep 22 18:58:17 +0000 2017,0.3595,0.128,0.872,0.0
CBS,Screenwriter and actress @LenaWaithe made history at this year's #Emmys. Watch her powerful acceptance speech:‚Ä¶ https://t.co/ZeHM4gKQ5G,Fri Sep 22 18:58:17 +0000 2017,0.7003,0.293,0.707,0.0
CBS,Check out the photos of some behind-the-scenes moments you may have missed from TV's biggest night:‚Ä¶ https://t.co/IyMJEOUZfQ,Fri Sep 22 18:58:17 +0000 2017,-0.296,0.0,0.879,0.121
CBS,RT @9JKLCBS: #9JKL is based on some of @markfeuerstein's most awkward family moments. What are yours? Share your stories with #MyAwkwardFam‚Ä¶,Fri Sep 22 18:58:17 +0000 2017,0.079,0.095,0.823,0.082
CBS,Relive all the excitement and find out who won big at the 69th Emmy¬Æ Awards. See the full list of winners:‚Ä¶ https://t.co/lGBOjealgU,Fri Sep 22 18:58:17 +0000 2017,0.872,0.343,0.657,0.0
CBS,See the biggest names in television light up the #Emmys red carpet: https://t.co/5yaM4UF4KX #ICYMI https://t.co/4qh6onq8OF,Fri Sep 22 18:58:17 +0000 2017,0.0,0.0,1.0,0.0
CBS,Host Stephen Colbert blew the audience away with his opening number at the #Emmys. Watch the full clip:‚Ä¶ https://t.co/Rv3NwjJuKZ,Fri Sep 22 18:58:17 +0000 2017,0.0772,0.067,0.933,0.0
CBS,Did you miss television's biggest night? Catch up on the #Emmys now: https://t.co/EMxWKauzMb https://t.co/2Y71gw7Jr7,Fri Sep 22 18:58:17 +0000 2017,-0.1531,0.0,0.89,0.11
CBS,Catch up on all the entertaining speeches and big wins from the most glamorous night on TV. Watch the #Emmys now:‚Ä¶ https://t.co/FRoKq9OFTs,Fri Sep 22 18:58:17 +0000 2017,0.8805,0.349,0.651,0.0
CBS,Who took home a golden statuette? See the complete list of winners from the #Emmys: https://t.co/W9VduVc9lp https://t.co/d5FqBXDhtn,Fri Sep 22 18:58:17 +0000 2017,0.4767,0.171,0.829,0.0
CNN,".@NickKristof on McCain ""no"" vote: ""It just makes the broader Trump agenda that much more difficult to achieve"" https://t.co/gl3Z69Xcvq",Sat Sep 23 02:48:39 +0000 2017,-0.4201,0.0,0.866,0.134
CNN,Disney warns Altice cable customers that they might soon lose ESPN and other Disney channels amid a dispute‚Ä¶ https://t.co/SCGSLEMncS,Sat Sep 23 02:48:39 +0000 2017,-0.4767,0.0,0.796,0.204
CNN,"President Trump on the 2016 election: ""No, Russia did not help me, that I can tell you, OK?"" https://t.co/vMuHw7J3mH https://t.co/ep7QTEcHiA",Sat Sep 23 02:48:39 +0000 2017,-0.3089,0.0,0.889,0.111
CNN,"Mexican town shakes off shock after quake, begins to move forward https://t.co/8zDXVFouvL https://t.co/5IJoVaKP7n",Sat Sep 23 02:48:39 +0000 2017,-0.3818,0.0,0.822,0.178
CNN,President Trump blasts criticism of first lady Melania Trump's high heels https://t.co/1L5YCVbUUv https://t.co/bSXvhUx6yo,Sat Sep 23 02:48:39 +0000 2017,-0.4404,0.0,0.805,0.195
CNN,Democrats can't decide: Blame Bernie Sanders or rally around him? | Analysis by @GregJKrieg https://t.co/WqpW7HlSZI https://t.co/tBNfBRmS6N,Sat Sep 23 02:48:39 +0000 2017,0.2584,0.127,0.873,0.0
CNN,"Wells Fargo says it's laying off some positions in Charlotte, NC -- home to one of its corporate headquarters‚Ä¶ https://t.co/euK9el2f9c",Sat Sep 23 02:48:39 +0000 2017,0.25,0.095,0.905,0.0
CNN,"President Trump in split screen with crowd: Media ""won't show this. ... They don't show the crowd, they show me"" https://t.co/jxCDOUjSQh",Sat Sep 23 02:48:39 +0000 2017,0.0,0.0,1.0,0.0
CNN,Former FBI Director James Comey spoke at Howard University. It did not go well. https://t.co/9czQ6RrDKd https://t.co/trcMPIhGNt,Sat Sep 23 02:48:39 +0000 2017,-0.2057,0.0,0.892,0.108
CNN,"President Trump says the US pays too much to the UN. Well, it's complicated. https://t.co/zAGRKudxNg https://t.co/dszRbsljs1",Sat Sep 23 02:48:39 +0000 2017,0.2732,0.123,0.877,0.0
CNN,President Trump at Alabama rally: NFL owners should fire players who protest the national anthem‚Ä¶ https://t.co/2Qy2yYkAtB,Sat Sep 23 02:48:39 +0000 2017,-0.5267,0.0,0.761,0.239
CNN,"President Trump to Alabama crowd: Sen. McCain's ""no"" on the latest GOP health care proposal is ""honestly terrible""‚Ä¶ https://t.co/hJGc6IWb7p",Sat Sep 23 02:48:39 +0000 2017,0.7351,0.267,0.733,0.0
CNN,"RT @OutFrontCNN: James Clapper on Paul Manafort offering campaign insights to Russians: If it did happen, ""it's pretty disturbing"" https://‚Ä¶",Sat Sep 23 02:48:39 +0000 2017,-0.0258,0.131,0.735,0.135
CNN,"""We made it."" Survivors trapped inside a collapsed building in Mexico recount their 17-hour ordeal https://t.co/3nn6WXteGc",Sat Sep 23 02:48:39 +0000 2017,-0.6705,0.0,0.703,0.297
CNN,"President Trump after ""lock her up"" chant in Alabama: Talk to Jeff Sessions https://t.co/5XNCh01omj https://t.co/QptP9K9BC3",Sat Sep 23 02:48:39 +0000 2017,0.0,0.0,1.0,0.0
CNN,"CNN Special Report presents ""Twitter &amp; Trump"" hosted by @BillWeirCNN. Watch on https://t.co/UYpqI3w42L https://t.co/iCyWNBaMrK",Sat Sep 23 02:48:39 +0000 2017,0.4019,0.172,0.828,0.0
CNN,New Zealand goes to the polls for unexpected nail-biter of an election https://t.co/R1xrKQZGqj https://t.co/AWva0bRd2O,Sat Sep 23 02:48:39 +0000 2017,0.0,0.0,1.0,0.0
CNN,"RT @AC360: CNN Special Report presents ""Twitter &amp; Trump"" hosted by @BillWeirCNN. Now on https://t.co/7NIoJaibIf https://t.co/LedK0pnS3f",Sat Sep 23 02:48:39 +0000 2017,0.4019,0.153,0.847,0.0
CNN,"Pence appears unfazed by McCain's ""no"" vote on the latest GOP health care proposal https://t.co/zmC9yi7oIw https://t.co/VKjBsCFfrp",Sat Sep 23 02:48:39 +0000 2017,0.4939,0.176,0.824,0.0
CNN,"RT @CNNPolitics: Trump: McCain opposing the latest GOP health care proposal ‚Äúhonestly terrible‚Äù
https://t.co/DaC3KNpxPh https://t.co/ceJiDu‚Ä¶",Sat Sep 23 02:48:39 +0000 2017,0.4939,0.186,0.814,0.0
CNN,".@NickKristof on McCain ""no"" vote: ""It just makes the broader Trump agenda that much more difficult to achieve"" https://t.co/gl3Z69Xcvq",Sat Sep 23 02:45:31 +0000 2017,-0.4201,0.0,0.866,0.134
CNN,Disney warns Altice cable customers that they might soon lose ESPN and other Disney channels amid a dispute‚Ä¶ https://t.co/SCGSLEMncS,Sat Sep 23 02:45:31 +0000 2017,-0.4767,0.0,0.796,0.204
CNN,"President Trump on the 2016 election: ""No, Russia did not help me, that I can tell you, OK?"" https://t.co/vMuHw7J3mH https://t.co/ep7QTEcHiA",Sat Sep 23 02:45:31 +0000 2017,-0.3089,0.0,0.889,0.111
CNN,"Mexican town shakes off shock after quake, begins to move forward https://t.co/8zDXVFouvL https://t.co/5IJoVaKP7n",Sat Sep 23 02:45:31 +0000 2017,-0.3818,0.0,0.822,0.178
CNN,President Trump blasts criticism of first lady Melania Trump's high heels https://t.co/1L5YCVbUUv https://t.co/bSXvhUx6yo,Sat Sep 23 02:45:31 +0000 2017,-0.4404,0.0,0.805,0.195
CNN,Democrats can't decide: Blame Bernie Sanders or rally around him? | Analysis by @GregJKrieg https://t.co/WqpW7HlSZI https://t.co/tBNfBRmS6N,Sat Sep 23 02:45:31 +0000 2017,0.2584,0.127,0.873,0.0
CNN,"Wells Fargo says it's laying off some positions in Charlotte, NC -- home to one of its corporate headquarters‚Ä¶ https://t.co/euK9el2f9c",Sat Sep 23 02:45:31 +0000 2017,0.25,0.095,0.905,0.0
CNN,"President Trump in split screen with crowd: Media ""won't show this. ... They don't show the crowd, they show me"" https://t.co/jxCDOUjSQh",Sat Sep 23 02:45:31 +0000 2017,0.0,0.0,1.0,0.0
CNN,Former FBI Director James Comey spoke at Howard University. It did not go well. https://t.co/9czQ6RrDKd https://t.co/trcMPIhGNt,Sat Sep 23 02:45:31 +0000 2017,-0.2057,0.0,0.892,0.108
CNN,"President Trump says the US pays too much to the UN. Well, it's complicated. https://t.co/zAGRKudxNg https://t.co/dszRbsljs1",Sat Sep 23 02:45:31 +0000 2017,0.2732,0.123,0.877,0.0
CNN,President Trump at Alabama rally: NFL owners should fire players who protest the national anthem‚Ä¶ https://t.co/2Qy2yYkAtB,Sat Sep 23 02:45:31 +0000 2017,-0.5267,0.0,0.761,0.239
CNN,"President Trump to Alabama crowd: Sen. McCain's ""no"" on the latest GOP health care proposal is ""honestly terrible""‚Ä¶ https://t.co/hJGc6IWb7p",Sat Sep 23 02:45:31 +0000 2017,0.7351,0.267,0.733,0.0
CNN,"RT @OutFrontCNN: James Clapper on Paul Manafort offering campaign insights to Russians: If it did happen, ""it's pretty disturbing"" https://‚Ä¶",Sat Sep 23 02:45:31 +0000 2017,-0.0258,0.131,0.735,0.135
CNN,"""We made it."" Survivors trapped inside a collapsed building in Mexico recount their 17-hour ordeal https://t.co/3nn6WXteGc",Sat Sep 23 02:45:31 +0000 2017,-0.6705,0.0,0.703,0.297
CNN,"President Trump after ""lock her up"" chant in Alabama: Talk to Jeff Sessions https://t.co/5XNCh01omj https://t.co/QptP9K9BC3",Sat Sep 23 02:45:31 +0000 2017,0.0,0.0,1.0,0.0
CNN,"CNN Special Report presents ""Twitter &amp; Trump"" hosted by @BillWeirCNN. Watch on https://t.co/UYpqI3w42L https://t.co/iCyWNBaMrK",Sat Sep 23 02:45:31 +0000 2017,0.4019,0.172,0.828,0.0
CNN,New Zealand goes to the polls for unexpected nail-biter of an election https://t.co/R1xrKQZGqj https://t.co/AWva0bRd2O,Sat Sep 23 02:45:31 +0000 2017,0.0,0.0,1.0,0.0
CNN,"RT @AC360: CNN Special Report presents ""Twitter &amp; Trump"" hosted by @BillWeirCNN. Now on https://t.co/7NIoJaibIf https://t.co/LedK0pnS3f",Sat Sep 23 02:45:31 +0000 2017,0.4019,0.153,0.847,0.0
CNN,"Pence appears unfazed by McCain's ""no"" vote on the latest GOP health care proposal https://t.co/zmC9yi7oIw https://t.co/VKjBsCFfrp",Sat Sep 23 02:45:31 +0000 2017,0.4939,0.176,0.824,0.0
CNN,"RT @CNNPolitics: Trump: McCain opposing the latest GOP health care proposal ‚Äúhonestly terrible‚Äù
https://t.co/DaC3KNpxPh https://t.co/ceJiDu‚Ä¶",Sat Sep 23 02:45:31 +0000 2017,0.4939,0.186,0.814,0.0
CNN,".@NickKristof on McCain ""no"" vote: ""It just makes the broader Trump agenda that much more difficult to achieve"" https://t.co/gl3Z69Xcvq",Sat Sep 23 02:35:01 +0000 2017,-0.4201,0.0,0.866,0.134
CNN,Disney warns Altice cable customers that they might soon lose ESPN and other Disney channels amid a dispute‚Ä¶ https://t.co/SCGSLEMncS,Sat Sep 23 02:35:01 +0000 2017,-0.4767,0.0,0.796,0.204
CNN,"President Trump on the 2016 election: ""No, Russia did not help me, that I can tell you, OK?"" https://t.co/vMuHw7J3mH https://t.co/ep7QTEcHiA",Sat Sep 23 02:35:01 +0000 2017,-0.3089,0.0,0.889,0.111
CNN,"Mexican town shakes off shock after quake, begins to move forward https://t.co/8zDXVFouvL https://t.co/5IJoVaKP7n",Sat Sep 23 02:35:01 +0000 2017,-0.3818,0.0,0.822,0.178
CNN,President Trump blasts criticism of first lady Melania Trump's high heels https://t.co/1L5YCVbUUv https://t.co/bSXvhUx6yo,Sat Sep 23 02:35:01 +0000 2017,-0.4404,0.0,0.805,0.195
CNN,Democrats can't decide: Blame Bernie Sanders or rally around him? | Analysis by @GregJKrieg https://t.co/WqpW7HlSZI https://t.co/tBNfBRmS6N,Sat Sep 23 02:35:01 +0000 2017,0.2584,0.127,0.873,0.0
CNN,"Wells Fargo says it's laying off some positions in Charlotte, NC -- home to one of its corporate headquarters‚Ä¶ https://t.co/euK9el2f9c",Sat Sep 23 02:35:01 +0000 2017,0.25,0.095,0.905,0.0
CNN,"President Trump in split screen with crowd: Media ""won't show this. ... They don't show the crowd, they show me"" https://t.co/jxCDOUjSQh",Sat Sep 23 02:35:01 +0000 2017,0.0,0.0,1.0,0.0
CNN,Former FBI Director James Comey spoke at Howard University. It did not go well. https://t.co/9czQ6RrDKd https://t.co/trcMPIhGNt,Sat Sep 23 02:35:01 +0000 2017,-0.2057,0.0,0.892,0.108
CNN,"President Trump says the US pays too much to the UN. Well, it's complicated. https://t.co/zAGRKudxNg https://t.co/dszRbsljs1",Sat Sep 23 02:35:01 +0000 2017,0.2732,0.123,0.877,0.0
CNN,President Trump at Alabama rally: NFL owners should fire players who protest the national anthem‚Ä¶ https://t.co/2Qy2yYkAtB,Sat Sep 23 02:35:01 +0000 2017,-0.5267,0.0,0.761,0.239
CNN,"President Trump to Alabama crowd: Sen. McCain's ""no"" on the latest GOP health care proposal is ""honestly terrible""‚Ä¶ https://t.co/hJGc6IWb7p",Sat Sep 23 02:35:01 +0000 2017,0.7351,0.267,0.733,0.0
CNN,"RT @OutFrontCNN: James Clapper on Paul Manafort offering campaign insights to Russians: If it did happen, ""it's pretty disturbing"" https://‚Ä¶",Sat Sep 23 02:35:01 +0000 2017,-0.0258,0.131,0.735,0.135
CNN,"""We made it."" Survivors trapped inside a collapsed building in Mexico recount their 17-hour ordeal https://t.co/3nn6WXteGc",Sat Sep 23 02:35:01 +0000 2017,-0.6705,0.0,0.703,0.297
CNN,"President Trump after ""lock her up"" chant in Alabama: Talk to Jeff Sessions https://t.co/5XNCh01omj https://t.co/QptP9K9BC3",Sat Sep 23 02:35:01 +0000 2017,0.0,0.0,1.0,0.0
CNN,"CNN Special Report presents ""Twitter &amp; Trump"" hosted by @BillWeirCNN. Watch on https://t.co/UYpqI3w42L https://t.co/iCyWNBaMrK",Sat Sep 23 02:35:01 +0000 2017,0.4019,0.172,0.828,0.0
CNN,New Zealand goes to the polls for unexpected nail-biter of an election https://t.co/R1xrKQZGqj https://t.co/AWva0bRd2O,Sat Sep 23 02:35:01 +0000 2017,0.0,0.0,1.0,0.0
CNN,"RT @AC360: CNN Special Report presents ""Twitter &amp; Trump"" hosted by @BillWeirCNN. Now on https://t.co/7NIoJaibIf https://t.co/LedK0pnS3f",Sat Sep 23 02:35:01 +0000 2017,0.4019,0.153,0.847,0.0
CNN,"Pence appears unfazed by McCain's ""no"" vote on the latest GOP health care proposal https://t.co/zmC9yi7oIw https://t.co/VKjBsCFfrp",Sat Sep 23 02:35:01 +0000 2017,0.4939,0.176,0.824,0.0
CNN,"RT @CNNPolitics: Trump: McCain opposing the latest GOP health care proposal ‚Äúhonestly terrible‚Äù
https://t.co/DaC3KNpxPh https://t.co/ceJiDu‚Ä¶",Sat Sep 23 02:35:01 +0000 2017,0.4939,0.186,0.814,0.0
CNN,".@NickKristof on McCain ""no"" vote: ""It just makes the broader Trump agenda that much more difficult to achieve"" https://t.co/gl3Z69Xcvq",Sat Sep 23 02:15:04 +0000 2017,-0.4201,0.0,0.866,0.134
CNN,Disney warns Altice cable customers that they might soon lose ESPN and other Disney channels amid a dispute‚Ä¶ https://t.co/SCGSLEMncS,Sat Sep 23 02:15:04 +0000 2017,-0.4767,0.0,0.796,0.204
CNN,"President Trump on the 2016 election: ""No, Russia did not help me, that I can tell you, OK?"" https://t.co/vMuHw7J3mH https://t.co/ep7QTEcHiA",Sat Sep 23 02:15:04 +0000 2017,-0.3089,0.0,0.889,0.111
CNN,"Mexican town shakes off shock after quake, begins to move forward https://t.co/8zDXVFouvL https://t.co/5IJoVaKP7n",Sat Sep 23 02:15:04 +0000 2017,-0.3818,0.0,0.822,0.178
CNN,President Trump blasts criticism of first lady Melania Trump's high heels https://t.co/1L5YCVbUUv https://t.co/bSXvhUx6yo,Sat Sep 23 02:15:04 +0000 2017,-0.4404,0.0,0.805,0.195
CNN,Democrats can't decide: Blame Bernie Sanders or rally around him? | Analysis by @GregJKrieg https://t.co/WqpW7HlSZI https://t.co/tBNfBRmS6N,Sat Sep 23 02:15:04 +0000 2017,0.2584,0.127,0.873,0.0
CNN,"Wells Fargo says it's laying off some positions in Charlotte, NC -- home to one of its corporate headquarters‚Ä¶ https://t.co/euK9el2f9c",Sat Sep 23 02:15:04 +0000 2017,0.25,0.095,0.905,0.0
CNN,"President Trump in split screen with crowd: Media ""won't show this. ... They don't show the crowd, they show me"" https://t.co/jxCDOUjSQh",Sat Sep 23 02:15:04 +0000 2017,0.0,0.0,1.0,0.0
CNN,Former FBI Director James Comey spoke at Howard University. It did not go well. https://t.co/9czQ6RrDKd https://t.co/trcMPIhGNt,Sat Sep 23 02:15:04 +0000 2017,-0.2057,0.0,0.892,0.108
CNN,"President Trump says the US pays too much to the UN. Well, it's complicated. https://t.co/zAGRKudxNg https://t.co/dszRbsljs1",Sat Sep 23 02:15:04 +0000 2017,0.2732,0.123,0.877,0.0
CNN,President Trump at Alabama rally: NFL owners should fire players who protest the national anthem‚Ä¶ https://t.co/2Qy2yYkAtB,Sat Sep 23 02:15:04 +0000 2017,-0.5267,0.0,0.761,0.239
CNN,"President Trump to Alabama crowd: Sen. McCain's ""no"" on the latest GOP health care proposal is ""honestly terrible""‚Ä¶ https://t.co/hJGc6IWb7p",Sat Sep 23 02:15:04 +0000 2017,0.7351,0.267,0.733,0.0
CNN,"RT @OutFrontCNN: James Clapper on Paul Manafort offering campaign insights to Russians: If it did happen, ""it's pretty disturbing"" https://‚Ä¶",Sat Sep 23 02:15:04 +0000 2017,-0.0258,0.131,0.735,0.135
CNN,"""We made it."" Survivors trapped inside a collapsed building in Mexico recount their 17-hour ordeal https://t.co/3nn6WXteGc",Sat Sep 23 02:15:04 +0000 2017,-0.6705,0.0,0.703,0.297
CNN,"President Trump after ""lock her up"" chant in Alabama: Talk to Jeff Sessions https://t.co/5XNCh01omj https://t.co/QptP9K9BC3",Sat Sep 23 02:15:04 +0000 2017,0.0,0.0,1.0,0.0
CNN,"CNN Special Report presents ""Twitter &amp; Trump"" hosted by @BillWeirCNN. Watch on https://t.co/UYpqI3w42L https://t.co/iCyWNBaMrK",Sat Sep 23 02:15:04 +0000 2017,0.4019,0.172,0.828,0.0
CNN,New Zealand goes to the polls for unexpected nail-biter of an election https://t.co/R1xrKQZGqj https://t.co/AWva0bRd2O,Sat Sep 23 02:15:04 +0000 2017,0.0,0.0,1.0,0.0
CNN,"RT @AC360: CNN Special Report presents ""Twitter &amp; Trump"" hosted by @BillWeirCNN. Now on https://t.co/7NIoJaibIf https://t.co/LedK0pnS3f",Sat Sep 23 02:15:04 +0000 2017,0.4019,0.153,0.847,0.0
CNN,"Pence appears unfazed by McCain's ""no"" vote on the latest GOP health care proposal https://t.co/zmC9yi7oIw https://t.co/VKjBsCFfrp",Sat Sep 23 02:15:04 +0000 2017,0.4939,0.176,0.824,0.0
CNN,"RT @CNNPolitics: Trump: McCain opposing the latest GOP health care proposal ‚Äúhonestly terrible‚Äù
https://t.co/DaC3KNpxPh https://t.co/ceJiDu‚Ä¶",Sat Sep 23 02:15:04 +0000 2017,0.4939,0.186,0.814,0.0
CNN,".@NickKristof on McCain ""no"" vote: ""It just makes the broader Trump agenda that much more difficult to achieve"" https://t.co/gl3Z69Xcvq",Sat Sep 23 02:01:44 +0000 2017,-0.4201,0.0,0.866,0.134
CNN,Disney warns Altice cable customers that they might soon lose ESPN and other Disney channels amid a dispute‚Ä¶ https://t.co/SCGSLEMncS,Sat Sep 23 02:01:44 +0000 2017,-0.4767,0.0,0.796,0.204
CNN,"President Trump on the 2016 election: ""No, Russia did not help me, that I can tell you, OK?"" https://t.co/vMuHw7J3mH https://t.co/ep7QTEcHiA",Sat Sep 23 02:01:44 +0000 2017,-0.3089,0.0,0.889,0.111
CNN,"Mexican town shakes off shock after quake, begins to move forward https://t.co/8zDXVFouvL https://t.co/5IJoVaKP7n",Sat Sep 23 02:01:44 +0000 2017,-0.3818,0.0,0.822,0.178
CNN,President Trump blasts criticism of first lady Melania Trump's high heels https://t.co/1L5YCVbUUv https://t.co/bSXvhUx6yo,Sat Sep 23 02:01:44 +0000 2017,-0.4404,0.0,0.805,0.195
CNN,Democrats can't decide: Blame Bernie Sanders or rally around him? | Analysis by @GregJKrieg https://t.co/WqpW7HlSZI https://t.co/tBNfBRmS6N,Sat Sep 23 02:01:44 +0000 2017,0.2584,0.127,0.873,0.0
CNN,"Wells Fargo says it's laying off some positions in Charlotte, NC -- home to one of its corporate headquarters‚Ä¶ https://t.co/euK9el2f9c",Sat Sep 23 02:01:44 +0000 2017,0.25,0.095,0.905,0.0
CNN,"President Trump in split screen with crowd: Media ""won't show this. ... They don't show the crowd, they show me"" https://t.co/jxCDOUjSQh",Sat Sep 23 02:01:44 +0000 2017,0.0,0.0,1.0,0.0
CNN,Former FBI Director James Comey spoke at Howard University. It did not go well. https://t.co/9czQ6RrDKd https://t.co/trcMPIhGNt,Sat Sep 23 02:01:44 +0000 2017,-0.2057,0.0,0.892,0.108
CNN,"President Trump says the US pays too much to the UN. Well, it's complicated. https://t.co/zAGRKudxNg https://t.co/dszRbsljs1",Sat Sep 23 02:01:44 +0000 2017,0.2732,0.123,0.877,0.0
CNN,President Trump at Alabama rally: NFL owners should fire players who protest the national anthem‚Ä¶ https://t.co/2Qy2yYkAtB,Sat Sep 23 02:01:44 +0000 2017,-0.5267,0.0,0.761,0.239
CNN,"President Trump to Alabama crowd: Sen. McCain's ""no"" on the latest GOP health care proposal is ""honestly terrible""‚Ä¶ https://t.co/hJGc6IWb7p",Sat Sep 23 02:01:44 +0000 2017,0.7351,0.267,0.733,0.0
CNN,"RT @OutFrontCNN: James Clapper on Paul Manafort offering campaign insights to Russians: If it did happen, ""it's pretty disturbing"" https://‚Ä¶",Sat Sep 23 02:01:44 +0000 2017,-0.0258,0.131,0.735,0.135
CNN,"""We made it."" Survivors trapped inside a collapsed building in Mexico recount their 17-hour ordeal https://t.co/3nn6WXteGc",Sat Sep 23 02:01:44 +0000 2017,-0.6705,0.0,0.703,0.297
CNN,"President Trump after ""lock her up"" chant in Alabama: Talk to Jeff Sessions https://t.co/5XNCh01omj https://t.co/QptP9K9BC3",Sat Sep 23 02:01:44 +0000 2017,0.0,0.0,1.0,0.0
CNN,"CNN Special Report presents ""Twitter &amp; Trump"" hosted by @BillWeirCNN. Watch on https://t.co/UYpqI3w42L https://t.co/iCyWNBaMrK",Sat Sep 23 02:01:44 +0000 2017,0.4019,0.172,0.828,0.0
CNN,New Zealand goes to the polls for unexpected nail-biter of an election https://t.co/R1xrKQZGqj https://t.co/AWva0bRd2O,Sat Sep 23 02:01:44 +0000 2017,0.0,0.0,1.0,0.0
CNN,"RT @AC360: CNN Special Report presents ""Twitter &amp; Trump"" hosted by @BillWeirCNN. Now on https://t.co/7NIoJaibIf https://t.co/LedK0pnS3f",Sat Sep 23 02:01:44 +0000 2017,0.4019,0.153,0.847,0.0
CNN,"Pence appears unfazed by McCain's ""no"" vote on the latest GOP health care proposal https://t.co/zmC9yi7oIw https://t.co/VKjBsCFfrp",Sat Sep 23 02:01:44 +0000 2017,0.4939,0.176,0.824,0.0
CNN,"RT @CNNPolitics: Trump: McCain opposing the latest GOP health care proposal ‚Äúhonestly terrible‚Äù
https://t.co/DaC3KNpxPh https://t.co/ceJiDu‚Ä¶",Sat Sep 23 02:01:44 +0000 2017,0.4939,0.186,0.814,0.0
FoxNews,"After Hurricane Harvey, what will happen to the hundreds of thousands of flooded cars?
 https://t.co/XiNFN4mGdl",Sat Sep 23 02:45:01 +0000 2017,0.0,0.0,1.0,0.0
FoxNews,David Clarke: #Trump 'Wins Either Way' in #Alabama GOP Primary https://t.co/S4xVnTbYpI,Sat Sep 23 02:45:01 +0000 2017,0.5719,0.27,0.73,0.0
FoxNews,.@POTUS warns North Korea: Nobody is going to mess with our people. https://t.co/De9I5vm3GC https://t.co/vQasYGyy0y,Sat Sep 23 02:45:01 +0000 2017,-0.4404,0.0,0.755,0.245
FoxNews,.@chelseahandler: Can We Trade #Trump for Kim Jong Un? https://t.co/gZLDeNJGBd,Sat Sep 23 02:45:01 +0000 2017,0.0,0.0,1.0,0.0
FoxNews,#Alabama rally: #Trump campaigns in last-ditch effort for Senate candidate Luther Strange https://t.co/VQaiPVAq7a,Sat Sep 23 02:45:01 +0000 2017,-0.2023,0.0,0.87,0.13
FoxNews,.@POTUS Rips Past Presidents: 'Rocket Man' Should've Been Handled a Long Time Ago https://t.co/ZKSWmeC2Du https://t.co/6KAsMYipaV,Sat Sep 23 02:45:01 +0000 2017,0.0,0.0,1.0,0.0
FoxNews,".@POTUS: ""We're building our future with American hands, American labor...We will buy American, we will hire Americ‚Ä¶ https://t.co/RuVKZsRsQH",Sat Sep 23 02:45:01 +0000 2017,0.0,0.0,1.0,0.0
FoxNews,".@POTUS: ""We are standing up for American workers, and defending American jobs and American industry."" https://t.co/jGRxuYR8TI",Sat Sep 23 02:45:01 +0000 2017,0.0,0.0,1.0,0.0
FoxNews,.@POTUS: Veterans are our greatest people. https://t.co/IWRgTcibLJ https://t.co/bKOH3iMdor,Sat Sep 23 02:45:01 +0000 2017,0.6369,0.375,0.625,0.0
FoxNews,".@POTUS: ""With Luther Strange...you send a fighter to change Washington the way we all know it can be.""‚Ä¶ https://t.co/auoejAgcpG",Sat Sep 23 02:45:01 +0000 2017,0.1531,0.086,0.914,0.0
FoxNews,".@POTUS: ""[Sen. Luther Strange] has always been for us."" https://t.co/IWRgTcibLJ https://t.co/GSpavaLxDX",Sat Sep 23 02:45:01 +0000 2017,0.0,0.0,1.0,0.0
FoxNews,".@POTUS: ""By the way folks, just in case you're curious, no, Russia did not help me."" https://t.co/IWRgTcibLJ https://t.co/O7HL01YCrH",Sat Sep 23 02:45:01 +0000 2017,-0.2865,0.106,0.689,0.205
FoxNews,'Tell That Son of a B***h He's Fired': #Trump Blasts @NFL Anthem Kneelers https://t.co/K53Tfj2Jkg,Sat Sep 23 02:45:01 +0000 2017,0.0,0.0,1.0,0.0
FoxNews,".@POTUS: ""To me, winning the popular vote is easier."" https://t.co/IWRgTcibLJ https://t.co/50xoGRZ37E",Sat Sep 23 02:45:01 +0000 2017,0.7351,0.408,0.592,0.0
FoxNews,".@POTUS: ""Luther has proved that he's not beholden to anyone, and not afraid to take on anyone.""‚Ä¶ https://t.co/2yIhkOhFzo",Sat Sep 23 02:45:01 +0000 2017,0.0,0.0,1.0,0.0
FoxNews,".@POTUS: ""When [Sen. Luther Strange] walks in, everybody knows that Alabama has arrived."" https://t.co/IWRgTcibLJ https://t.co/NmToWeuQqE",Sat Sep 23 02:45:01 +0000 2017,0.0,0.0,1.0,0.0
FoxNews,LIVE BLOG: #Trump holds #Alabama rally ahead of primary election https://t.co/IWRgTcibLJ,Sat Sep 23 02:45:01 +0000 2017,0.0,0.0,1.0,0.0
FoxNews,".@POTUS: ""We protect our citizens, uphold our traditions, and we will always defend our borders.""‚Ä¶ https://t.co/yBH5yNcCVC",Sat Sep 23 02:45:01 +0000 2017,0.3818,0.148,0.852,0.0
FoxNews,".@POTUS: ""We support the rule of law, and we stand strong with the incredible men and women of law enforcement.""‚Ä¶ https://t.co/SLo8F56BqX",Sat Sep 23 02:45:01 +0000 2017,0.7184,0.24,0.76,0.0
FoxNews,".@POTUS: ""We believe Judges must interpret the Constitution as written, and that includes defending...our great Sec‚Ä¶ https://t.co/UA4UYHwNNv",Sat Sep 23 02:45:01 +0000 2017,0.6249,0.204,0.796,0.0
FoxNews,"After Hurricane Harvey, what will happen to the hundreds of thousands of flooded cars?
 https://t.co/XiNFN4mGdl",Sat Sep 23 02:41:54 +0000 2017,0.0,0.0,1.0,0.0
FoxNews,David Clarke: #Trump 'Wins Either Way' in #Alabama GOP Primary https://t.co/S4xVnTbYpI,Sat Sep 23 02:41:54 +0000 2017,0.5719,0.27,0.73,0.0
FoxNews,.@POTUS warns North Korea: Nobody is going to mess with our people. https://t.co/De9I5vm3GC https://t.co/vQasYGyy0y,Sat Sep 23 02:41:54 +0000 2017,-0.4404,0.0,0.755,0.245
FoxNews,.@chelseahandler: Can We Trade #Trump for Kim Jong Un? https://t.co/gZLDeNJGBd,Sat Sep 23 02:41:54 +0000 2017,0.0,0.0,1.0,0.0
FoxNews,#Alabama rally: #Trump campaigns in last-ditch effort for Senate candidate Luther Strange https://t.co/VQaiPVAq7a,Sat Sep 23 02:41:54 +0000 2017,-0.2023,0.0,0.87,0.13
FoxNews,.@POTUS Rips Past Presidents: 'Rocket Man' Should've Been Handled a Long Time Ago https://t.co/ZKSWmeC2Du https://t.co/6KAsMYipaV,Sat Sep 23 02:41:54 +0000 2017,0.0,0.0,1.0,0.0
FoxNews,".@POTUS: ""We're building our future with American hands, American labor...We will buy American, we will hire Americ‚Ä¶ https://t.co/RuVKZsRsQH",Sat Sep 23 02:41:54 +0000 2017,0.0,0.0,1.0,0.0
FoxNews,".@POTUS: ""We are standing up for American workers, and defending American jobs and American industry."" https://t.co/jGRxuYR8TI",Sat Sep 23 02:41:54 +0000 2017,0.0,0.0,1.0,0.0
FoxNews,.@POTUS: Veterans are our greatest people. https://t.co/IWRgTcibLJ https://t.co/bKOH3iMdor,Sat Sep 23 02:41:54 +0000 2017,0.6369,0.375,0.625,0.0
FoxNews,".@POTUS: ""With Luther Strange...you send a fighter to change Washington the way we all know it can be.""‚Ä¶ https://t.co/auoejAgcpG",Sat Sep 23 02:41:54 +0000 2017,0.1531,0.086,0.914,0.0
FoxNews,".@POTUS: ""[Sen. Luther Strange] has always been for us."" https://t.co/IWRgTcibLJ https://t.co/GSpavaLxDX",Sat Sep 23 02:41:54 +0000 2017,0.0,0.0,1.0,0.0
FoxNews,".@POTUS: ""By the way folks, just in case you're curious, no, Russia did not help me."" https://t.co/IWRgTcibLJ https://t.co/O7HL01YCrH",Sat Sep 23 02:41:54 +0000 2017,-0.2865,0.106,0.689,0.205
FoxNews,'Tell That Son of a B***h He's Fired': #Trump Blasts @NFL Anthem Kneelers https://t.co/K53Tfj2Jkg,Sat Sep 23 02:41:54 +0000 2017,0.0,0.0,1.0,0.0
FoxNews,".@POTUS: ""To me, winning the popular vote is easier."" https://t.co/IWRgTcibLJ https://t.co/50xoGRZ37E",Sat Sep 23 02:41:54 +0000 2017,0.7351,0.408,0.592,0.0
FoxNews,".@POTUS: ""Luther has proved that he's not beholden to anyone, and not afraid to take on anyone.""‚Ä¶ https://t.co/2yIhkOhFzo",Sat Sep 23 02:41:54 +0000 2017,0.0,0.0,1.0,0.0
FoxNews,".@POTUS: ""When [Sen. Luther Strange] walks in, everybody knows that Alabama has arrived."" https://t.co/IWRgTcibLJ https://t.co/NmToWeuQqE",Sat Sep 23 02:41:54 +0000 2017,0.0,0.0,1.0,0.0
FoxNews,LIVE BLOG: #Trump holds #Alabama rally ahead of primary election https://t.co/IWRgTcibLJ,Sat Sep 23 02:41:54 +0000 2017,0.0,0.0,1.0,0.0
FoxNews,".@POTUS: ""We protect our citizens, uphold our traditions, and we will always defend our borders.""‚Ä¶ https://t.co/yBH5yNcCVC",Sat Sep 23 02:41:54 +0000 2017,0.3818,0.148,0.852,0.0
FoxNews,".@POTUS: ""We support the rule of law, and we stand strong with the incredible men and women of law enforcement.""‚Ä¶ https://t.co/SLo8F56BqX",Sat Sep 23 02:41:54 +0000 2017,0.7184,0.24,0.76,0.0
FoxNews,".@POTUS: ""We believe Judges must interpret the Constitution as written, and that includes defending...our great Sec‚Ä¶ https://t.co/UA4UYHwNNv",Sat Sep 23 02:41:54 +0000 2017,0.6249,0.204,0.796,0.0
FoxNews,"After Hurricane Harvey, what will happen to the hundreds of thousands of flooded cars?
 https://t.co/XiNFN4mGdl",Sat Sep 23 02:23:35 +0000 2017,0.0,0.0,1.0,0.0
FoxNews,David Clarke: #Trump 'Wins Either Way' in #Alabama GOP Primary https://t.co/S4xVnTbYpI,Sat Sep 23 02:23:35 +0000 2017,0.5719,0.27,0.73,0.0
FoxNews,.@POTUS warns North Korea: Nobody is going to mess with our people. https://t.co/De9I5vm3GC https://t.co/vQasYGyy0y,Sat Sep 23 02:23:35 +0000 2017,-0.4404,0.0,0.755,0.245
FoxNews,.@chelseahandler: Can We Trade #Trump for Kim Jong Un? https://t.co/gZLDeNJGBd,Sat Sep 23 02:23:35 +0000 2017,0.0,0.0,1.0,0.0
FoxNews,#Alabama rally: #Trump campaigns in last-ditch effort for Senate candidate Luther Strange https://t.co/VQaiPVAq7a,Sat Sep 23 02:23:35 +0000 2017,-0.2023,0.0,0.87,0.13
FoxNews,.@POTUS Rips Past Presidents: 'Rocket Man' Should've Been Handled a Long Time Ago https://t.co/ZKSWmeC2Du https://t.co/6KAsMYipaV,Sat Sep 23 02:23:35 +0000 2017,0.0,0.0,1.0,0.0
FoxNews,".@POTUS: ""We're building our future with American hands, American labor...We will buy American, we will hire Americ‚Ä¶ https://t.co/RuVKZsRsQH",Sat Sep 23 02:23:35 +0000 2017,0.0,0.0,1.0,0.0
FoxNews,".@POTUS: ""We are standing up for American workers, and defending American jobs and American industry."" https://t.co/jGRxuYR8TI",Sat Sep 23 02:23:35 +0000 2017,0.0,0.0,1.0,0.0
FoxNews,.@POTUS: Veterans are our greatest people. https://t.co/IWRgTcibLJ https://t.co/bKOH3iMdor,Sat Sep 23 02:23:35 +0000 2017,0.6369,0.375,0.625,0.0
FoxNews,".@POTUS: ""With Luther Strange...you send a fighter to change Washington the way we all know it can be.""‚Ä¶ https://t.co/auoejAgcpG",Sat Sep 23 02:23:35 +0000 2017,0.1531,0.086,0.914,0.0
FoxNews,".@POTUS: ""[Sen. Luther Strange] has always been for us."" https://t.co/IWRgTcibLJ https://t.co/GSpavaLxDX",Sat Sep 23 02:23:35 +0000 2017,0.0,0.0,1.0,0.0
FoxNews,".@POTUS: ""By the way folks, just in case you're curious, no, Russia did not help me."" https://t.co/IWRgTcibLJ https://t.co/O7HL01YCrH",Sat Sep 23 02:23:35 +0000 2017,-0.2865,0.106,0.689,0.205
FoxNews,'Tell That Son of a B***h He's Fired': #Trump Blasts @NFL Anthem Kneelers https://t.co/K53Tfj2Jkg,Sat Sep 23 02:23:35 +0000 2017,0.0,0.0,1.0,0.0
FoxNews,".@POTUS: ""To me, winning the popular vote is easier."" https://t.co/IWRgTcibLJ https://t.co/50xoGRZ37E",Sat Sep 23 02:23:35 +0000 2017,0.7351,0.408,0.592,0.0
FoxNews,".@POTUS: ""Luther has proved that he's not beholden to anyone, and not afraid to take on anyone.""‚Ä¶ https://t.co/2yIhkOhFzo",Sat Sep 23 02:23:35 +0000 2017,0.0,0.0,1.0,0.0
FoxNews,".@POTUS: ""When [Sen. Luther Strange] walks in, everybody knows that Alabama has arrived."" https://t.co/IWRgTcibLJ https://t.co/NmToWeuQqE",Sat Sep 23 02:23:35 +0000 2017,0.0,0.0,1.0,0.0
FoxNews,LIVE BLOG: #Trump holds #Alabama rally ahead of primary election https://t.co/IWRgTcibLJ,Sat Sep 23 02:23:35 +0000 2017,0.0,0.0,1.0,0.0
FoxNews,".@POTUS: ""We protect our citizens, uphold our traditions, and we will always defend our borders.""‚Ä¶ https://t.co/yBH5yNcCVC",Sat Sep 23 02:23:35 +0000 2017,0.3818,0.148,0.852,0.0
FoxNews,".@POTUS: ""We support the rule of law, and we stand strong with the incredible men and women of law enforcement.""‚Ä¶ https://t.co/SLo8F56BqX",Sat Sep 23 02:23:35 +0000 2017,0.7184,0.24,0.76,0.0
FoxNews,".@POTUS: ""We believe Judges must interpret the Constitution as written, and that includes defending...our great Sec‚Ä¶ https://t.co/UA4UYHwNNv",Sat Sep 23 02:23:35 +0000 2017,0.6249,0.204,0.796,0.0
FoxNews,"After Hurricane Harvey, what will happen to the hundreds of thousands of flooded cars?
 https://t.co/XiNFN4mGdl",Sat Sep 23 01:58:13 +0000 2017,0.0,0.0,1.0,0.0
FoxNews,David Clarke: #Trump 'Wins Either Way' in #Alabama GOP Primary https://t.co/S4xVnTbYpI,Sat Sep 23 01:58:13 +0000 2017,0.5719,0.27,0.73,0.0
FoxNews,.@POTUS warns North Korea: Nobody is going to mess with our people. https://t.co/De9I5vm3GC https://t.co/vQasYGyy0y,Sat Sep 23 01:58:13 +0000 2017,-0.4404,0.0,0.755,0.245
FoxNews,.@chelseahandler: Can We Trade #Trump for Kim Jong Un? https://t.co/gZLDeNJGBd,Sat Sep 23 01:58:13 +0000 2017,0.0,0.0,1.0,0.0
FoxNews,#Alabama rally: #Trump campaigns in last-ditch effort for Senate candidate Luther Strange https://t.co/VQaiPVAq7a,Sat Sep 23 01:58:13 +0000 2017,-0.2023,0.0,0.87,0.13
FoxNews,.@POTUS Rips Past Presidents: 'Rocket Man' Should've Been Handled a Long Time Ago https://t.co/ZKSWmeC2Du https://t.co/6KAsMYipaV,Sat Sep 23 01:58:13 +0000 2017,0.0,0.0,1.0,0.0
FoxNews,".@POTUS: ""We're building our future with American hands, American labor...We will buy American, we will hire Americ‚Ä¶ https://t.co/RuVKZsRsQH",Sat Sep 23 01:58:13 +0000 2017,0.0,0.0,1.0,0.0
FoxNews,".@POTUS: ""We are standing up for American workers, and defending American jobs and American industry."" https://t.co/jGRxuYR8TI",Sat Sep 23 01:58:13 +0000 2017,0.0,0.0,1.0,0.0
FoxNews,.@POTUS: Veterans are our greatest people. https://t.co/IWRgTcibLJ https://t.co/bKOH3iMdor,Sat Sep 23 01:58:13 +0000 2017,0.6369,0.375,0.625,0.0
FoxNews,".@POTUS: ""With Luther Strange...you send a fighter to change Washington the way we all know it can be.""‚Ä¶ https://t.co/auoejAgcpG",Sat Sep 23 01:58:13 +0000 2017,0.1531,0.086,0.914,0.0
FoxNews,".@POTUS: ""[Sen. Luther Strange] has always been for us."" https://t.co/IWRgTcibLJ https://t.co/GSpavaLxDX",Sat Sep 23 01:58:13 +0000 2017,0.0,0.0,1.0,0.0
FoxNews,".@POTUS: ""By the way folks, just in case you're curious, no, Russia did not help me."" https://t.co/IWRgTcibLJ https://t.co/O7HL01YCrH",Sat Sep 23 01:58:13 +0000 2017,-0.2865,0.106,0.689,0.205
FoxNews,'Tell That Son of a B***h He's Fired': #Trump Blasts @NFL Anthem Kneelers https://t.co/K53Tfj2Jkg,Sat Sep 23 01:58:13 +0000 2017,0.0,0.0,1.0,0.0
FoxNews,".@POTUS: ""To me, winning the popular vote is easier."" https://t.co/IWRgTcibLJ https://t.co/50xoGRZ37E",Sat Sep 23 01:58:13 +0000 2017,0.7351,0.408,0.592,0.0
FoxNews,".@POTUS: ""Luther has proved that he's not beholden to anyone, and not afraid to take on anyone.""‚Ä¶ https://t.co/2yIhkOhFzo",Sat Sep 23 01:58:13 +0000 2017,0.0,0.0,1.0,0.0
FoxNews,".@POTUS: ""When [Sen. Luther Strange] walks in, everybody knows that Alabama has arrived."" https://t.co/IWRgTcibLJ https://t.co/NmToWeuQqE",Sat Sep 23 01:58:13 +0000 2017,0.0,0.0,1.0,0.0
FoxNews,LIVE BLOG: #Trump holds #Alabama rally ahead of primary election https://t.co/IWRgTcibLJ,Sat Sep 23 01:58:13 +0000 2017,0.0,0.0,1.0,0.0
FoxNews,".@POTUS: ""We protect our citizens, uphold our traditions, and we will always defend our borders.""‚Ä¶ https://t.co/yBH5yNcCVC",Sat Sep 23 01:58:13 +0000 2017,0.3818,0.148,0.852,0.0
FoxNews,".@POTUS: ""We support the rule of law, and we stand strong with the incredible men and women of law enforcement.""‚Ä¶ https://t.co/SLo8F56BqX",Sat Sep 23 01:58:13 +0000 2017,0.7184,0.24,0.76,0.0
FoxNews,".@POTUS: ""We believe Judges must interpret the Constitution as written, and that includes defending...our great Sec‚Ä¶ https://t.co/UA4UYHwNNv",Sat Sep 23 01:58:13 +0000 2017,0.6249,0.204,0.796,0.0
FoxNews,"After Hurricane Harvey, what will happen to the hundreds of thousands of flooded cars?
 https://t.co/XiNFN4mGdl",Sat Sep 23 01:46:01 +0000 2017,0.0,0.0,1.0,0.0
FoxNews,David Clarke: #Trump 'Wins Either Way' in #Alabama GOP Primary https://t.co/S4xVnTbYpI,Sat Sep 23 01:46:01 +0000 2017,0.5719,0.27,0.73,0.0
FoxNews,.@POTUS warns North Korea: Nobody is going to mess with our people. https://t.co/De9I5vm3GC https://t.co/vQasYGyy0y,Sat Sep 23 01:46:01 +0000 2017,-0.4404,0.0,0.755,0.245
FoxNews,.@chelseahandler: Can We Trade #Trump for Kim Jong Un? https://t.co/gZLDeNJGBd,Sat Sep 23 01:46:01 +0000 2017,0.0,0.0,1.0,0.0
FoxNews,#Alabama rally: #Trump campaigns in last-ditch effort for Senate candidate Luther Strange https://t.co/VQaiPVAq7a,Sat Sep 23 01:46:01 +0000 2017,-0.2023,0.0,0.87,0.13
FoxNews,.@POTUS Rips Past Presidents: 'Rocket Man' Should've Been Handled a Long Time Ago https://t.co/ZKSWmeC2Du https://t.co/6KAsMYipaV,Sat Sep 23 01:46:01 +0000 2017,0.0,0.0,1.0,0.0
FoxNews,".@POTUS: ""We're building our future with American hands, American labor...We will buy American, we will hire Americ‚Ä¶ https://t.co/RuVKZsRsQH",Sat Sep 23 01:46:01 +0000 2017,0.0,0.0,1.0,0.0
FoxNews,".@POTUS: ""We are standing up for American workers, and defending American jobs and American industry."" https://t.co/jGRxuYR8TI",Sat Sep 23 01:46:01 +0000 2017,0.0,0.0,1.0,0.0
FoxNews,.@POTUS: Veterans are our greatest people. https://t.co/IWRgTcibLJ https://t.co/bKOH3iMdor,Sat Sep 23 01:46:01 +0000 2017,0.6369,0.375,0.625,0.0
FoxNews,".@POTUS: ""With Luther Strange...you send a fighter to change Washington the way we all know it can be.""‚Ä¶ https://t.co/auoejAgcpG",Sat Sep 23 01:46:01 +0000 2017,0.1531,0.086,0.914,0.0
FoxNews,".@POTUS: ""[Sen. Luther Strange] has always been for us."" https://t.co/IWRgTcibLJ https://t.co/GSpavaLxDX",Sat Sep 23 01:46:01 +0000 2017,0.0,0.0,1.0,0.0
FoxNews,".@POTUS: ""By the way folks, just in case you're curious, no, Russia did not help me."" https://t.co/IWRgTcibLJ https://t.co/O7HL01YCrH",Sat Sep 23 01:46:01 +0000 2017,-0.2865,0.106,0.689,0.205
FoxNews,'Tell That Son of a B***h He's Fired': #Trump Blasts @NFL Anthem Kneelers https://t.co/K53Tfj2Jkg,Sat Sep 23 01:46:01 +0000 2017,0.0,0.0,1.0,0.0
FoxNews,".@POTUS: ""To me, winning the popular vote is easier."" https://t.co/IWRgTcibLJ https://t.co/50xoGRZ37E",Sat Sep 23 01:46:01 +0000 2017,0.7351,0.408,0.592,0.0
FoxNews,".@POTUS: ""Luther has proved that he's not beholden to anyone, and not afraid to take on anyone.""‚Ä¶ https://t.co/2yIhkOhFzo",Sat Sep 23 01:46:01 +0000 2017,0.0,0.0,1.0,0.0
FoxNews,".@POTUS: ""When [Sen. Luther Strange] walks in, everybody knows that Alabama has arrived."" https://t.co/IWRgTcibLJ https://t.co/NmToWeuQqE",Sat Sep 23 01:46:01 +0000 2017,0.0,0.0,1.0,0.0
FoxNews,LIVE BLOG: #Trump holds #Alabama rally ahead of primary election https://t.co/IWRgTcibLJ,Sat Sep 23 01:46:01 +0000 2017,0.0,0.0,1.0,0.0
FoxNews,".@POTUS: ""We protect our citizens, uphold our traditions, and we will always defend our borders.""‚Ä¶ https://t.co/yBH5yNcCVC",Sat Sep 23 01:46:01 +0000 2017,0.3818,0.148,0.852,0.0
FoxNews,".@POTUS: ""We support the rule of law, and we stand strong with the incredible men and women of law enforcement.""‚Ä¶ https://t.co/SLo8F56BqX",Sat Sep 23 01:46:01 +0000 2017,0.7184,0.24,0.76,0.0
FoxNews,".@POTUS: ""We believe Judges must interpret the Constitution as written, and that includes defending...our great Sec‚Ä¶ https://t.co/UA4UYHwNNv",Sat Sep 23 01:46:01 +0000 2017,0.6249,0.204,0.796,0.0
nytimes,3 ways the new Republican health bill differs from past repeal efforts https://t.co/LJeohOm7DH https://t.co/jrWo4YaSVu,Sat Sep 23 02:47:07 +0000 2017,0.0,0.0,1.0,0.0
nytimes,We asked U.C. Berkeley students what free speech means to them ahead of an event billed as ‚ÄúFree Speech Week‚Äù‚Ä¶ https://t.co/FAqGUR3vVW,Sat Sep 23 02:47:07 +0000 2017,0.5106,0.142,0.858,0.0
nytimes,More than half of U.S. teenagers are getting the HPV vaccine. Fewer than 30% received it a decade ago. https://t.co/0ZowaTfIzT,Sat Sep 23 02:47:07 +0000 2017,0.0,0.0,1.0,0.0
nytimes,"‚ÄúAll the infrastructure has collapsed. Everything we had before the hurricane is beyond reach.‚Äù
https://t.co/GaIWYII5Zl",Sat Sep 23 02:47:07 +0000 2017,-0.2732,0.0,0.87,0.13
nytimes,RT @nytopinion: HHS Secretary Tom Price loves to talk about slashing entitlements. He might consider starting with his own. https://t.co/1t‚Ä¶,Sat Sep 23 02:47:07 +0000 2017,0.3818,0.155,0.756,0.088
nytimes,We asked students at U.C. Berkeley about the mood on campus ahead of a series of speeches planned for next week.‚Ä¶ https://t.co/hWkSFIH1KW,Sat Sep 23 02:47:07 +0000 2017,0.0,0.0,1.0,0.0
nytimes,Opinion: Credit bureaus have proved to be complete failures at safeguarding the public https://t.co/lHs8rNpYlz,Sat Sep 23 02:47:07 +0000 2017,0.1779,0.251,0.588,0.16
nytimes,Evening Briefing: Here's what you need to know at the end of the day https://t.co/CtaSCy1vGr,Sat Sep 23 02:47:07 +0000 2017,0.0,0.0,1.0,0.0
nytimes,"Pete Turner, a photographer whose intense colors conveyed a phantasmagorical reality, died at 83‚Ä¶ https://t.co/QiWGvBQVzm",Sat Sep 23 02:47:07 +0000 2017,-0.5106,0.082,0.692,0.226
nytimes,Read the full text of Kim Jong-un's response to Donald Trump: https://t.co/aV7ZxVyfTB,Sat Sep 23 02:47:07 +0000 2017,0.0,0.0,1.0,0.0
nytimes,RT @JulietMacur: Three teams announced yesterday that they'd install extra protective netting. Still waiting to hear from Yankees. And wait‚Ä¶,Sat Sep 23 02:47:07 +0000 2017,0.0,0.0,1.0,0.0
nytimes,Betsy DeVos reverses Obama-era policy on campus sexual assault investigations https://t.co/G2mPSpb9PH,Sat Sep 23 02:47:07 +0000 2017,-0.5859,0.0,0.725,0.275
nytimes,"‚ÄúAm I at war with Fox?‚Äù the lawyer Douglas Wigdor repeated the question he was asked. ‚ÄúYeah, I guess I am.‚Äù https://t.co/9WqsoNmu6K",Sat Sep 23 02:47:07 +0000 2017,-0.5994,0.0,0.822,0.178
nytimes,"Tattoos, rap and embroidering cushions with raunchy sayings. These are a few of Judi Dench's favorite things. https://t.co/qUwS7fqyoh",Sat Sep 23 02:47:07 +0000 2017,0.4588,0.158,0.842,0.0
nytimes,RT @nytimesmusic: BTS‚Äôs rappers often dictate the group‚Äôs sound: @JonCaramanica reviews ‚ÄúLove Yourself: ‚ÄòHer‚Äô‚Äù  https://t.co/G1CNlJMRIc,Sat Sep 23 02:47:07 +0000 2017,0.0,0.0,1.0,0.0
nytimes,Ballet about legendary dancer Rudolf Nureyev will go ahead at the Bolshoi Theater after a controversial postponement https://t.co/D8QNg9Qf5X,Sat Sep 23 02:47:07 +0000 2017,-0.2023,0.0,0.899,0.101
nytimes,Evening Briefing: Here's what you need to know at the end of the day https://t.co/kJpiewtoFI,Sat Sep 23 02:47:07 +0000 2017,0.0,0.0,1.0,0.0
nytimes,Mexico City was built on an ancient lake bed. That makes earthquakes much worse. https://t.co/siD8W3QE5s https://t.co/DaSECLYMBn,Sat Sep 23 02:47:07 +0000 2017,-0.4767,0.0,0.829,0.171
nytimes,RT @paulkrugman: Graham-Cassidy isn‚Äôt an aberration; it‚Äôs more like the distilled essence of everything wrong with modern Republicans https‚Ä¶,Sat Sep 23 02:47:07 +0000 2017,-0.079,0.122,0.743,0.135
nytimes,"What's behind the new Affordable Care Act repeal vote? ""Furious"" Republican donors. https://t.co/34ukYzKp2f",Sat Sep 23 02:47:07 +0000 2017,0.4939,0.211,0.789,0.0
nytimes,3 ways the new Republican health bill differs from past repeal efforts https://t.co/LJeohOm7DH https://t.co/jrWo4YaSVu,Sat Sep 23 02:30:27 +0000 2017,0.0,0.0,1.0,0.0
nytimes,We asked U.C. Berkeley students what free speech means to them ahead of an event billed as ‚ÄúFree Speech Week‚Äù‚Ä¶ https://t.co/FAqGUR3vVW,Sat Sep 23 02:30:27 +0000 2017,0.5106,0.142,0.858,0.0
nytimes,More than half of U.S. teenagers are getting the HPV vaccine. Fewer than 30% received it a decade ago. https://t.co/0ZowaTfIzT,Sat Sep 23 02:30:27 +0000 2017,0.0,0.0,1.0,0.0
nytimes,"‚ÄúAll the infrastructure has collapsed. Everything we had before the hurricane is beyond reach.‚Äù
https://t.co/GaIWYII5Zl",Sat Sep 23 02:30:27 +0000 2017,-0.2732,0.0,0.87,0.13
nytimes,RT @nytopinion: HHS Secretary Tom Price loves to talk about slashing entitlements. He might consider starting with his own. https://t.co/1t‚Ä¶,Sat Sep 23 02:30:27 +0000 2017,0.3818,0.155,0.756,0.088
nytimes,We asked students at U.C. Berkeley about the mood on campus ahead of a series of speeches planned for next week.‚Ä¶ https://t.co/hWkSFIH1KW,Sat Sep 23 02:30:27 +0000 2017,0.0,0.0,1.0,0.0
nytimes,Opinion: Credit bureaus have proved to be complete failures at safeguarding the public https://t.co/lHs8rNpYlz,Sat Sep 23 02:30:27 +0000 2017,0.1779,0.251,0.588,0.16
nytimes,Evening Briefing: Here's what you need to know at the end of the day https://t.co/CtaSCy1vGr,Sat Sep 23 02:30:27 +0000 2017,0.0,0.0,1.0,0.0
nytimes,"Pete Turner, a photographer whose intense colors conveyed a phantasmagorical reality, died at 83‚Ä¶ https://t.co/QiWGvBQVzm",Sat Sep 23 02:30:27 +0000 2017,-0.5106,0.082,0.692,0.226
nytimes,Read the full text of Kim Jong-un's response to Donald Trump: https://t.co/aV7ZxVyfTB,Sat Sep 23 02:30:27 +0000 2017,0.0,0.0,1.0,0.0
nytimes,RT @JulietMacur: Three teams announced yesterday that they'd install extra protective netting. Still waiting to hear from Yankees. And wait‚Ä¶,Sat Sep 23 02:30:27 +0000 2017,0.0,0.0,1.0,0.0
nytimes,Betsy DeVos reverses Obama-era policy on campus sexual assault investigations https://t.co/G2mPSpb9PH,Sat Sep 23 02:30:27 +0000 2017,-0.5859,0.0,0.725,0.275
nytimes,"‚ÄúAm I at war with Fox?‚Äù the lawyer Douglas Wigdor repeated the question he was asked. ‚ÄúYeah, I guess I am.‚Äù https://t.co/9WqsoNmu6K",Sat Sep 23 02:30:27 +0000 2017,-0.5994,0.0,0.822,0.178
nytimes,"Tattoos, rap and embroidering cushions with raunchy sayings. These are a few of Judi Dench's favorite things. https://t.co/qUwS7fqyoh",Sat Sep 23 02:30:27 +0000 2017,0.4588,0.158,0.842,0.0
nytimes,RT @nytimesmusic: BTS‚Äôs rappers often dictate the group‚Äôs sound: @JonCaramanica reviews ‚ÄúLove Yourself: ‚ÄòHer‚Äô‚Äù  https://t.co/G1CNlJMRIc,Sat Sep 23 02:30:27 +0000 2017,0.0,0.0,1.0,0.0
nytimes,Ballet about legendary dancer Rudolf Nureyev will go ahead at the Bolshoi Theater after a controversial postponement https://t.co/D8QNg9Qf5X,Sat Sep 23 02:30:27 +0000 2017,-0.2023,0.0,0.899,0.101
nytimes,Evening Briefing: Here's what you need to know at the end of the day https://t.co/kJpiewtoFI,Sat Sep 23 02:30:27 +0000 2017,0.0,0.0,1.0,0.0
nytimes,Mexico City was built on an ancient lake bed. That makes earthquakes much worse. https://t.co/siD8W3QE5s https://t.co/DaSECLYMBn,Sat Sep 23 02:30:27 +0000 2017,-0.4767,0.0,0.829,0.171
nytimes,RT @paulkrugman: Graham-Cassidy isn‚Äôt an aberration; it‚Äôs more like the distilled essence of everything wrong with modern Republicans https‚Ä¶,Sat Sep 23 02:30:27 +0000 2017,-0.079,0.122,0.743,0.135
nytimes,"What's behind the new Affordable Care Act repeal vote? ""Furious"" Republican donors. https://t.co/34ukYzKp2f",Sat Sep 23 02:30:27 +0000 2017,0.4939,0.211,0.789,0.0
nytimes,3 ways the new Republican health bill differs from past repeal efforts https://t.co/LJeohOm7DH https://t.co/jrWo4YaSVu,Sat Sep 23 02:17:04 +0000 2017,0.0,0.0,1.0,0.0
nytimes,We asked U.C. Berkeley students what free speech means to them ahead of an event billed as ‚ÄúFree Speech Week‚Äù‚Ä¶ https://t.co/FAqGUR3vVW,Sat Sep 23 02:17:04 +0000 2017,0.5106,0.142,0.858,0.0
nytimes,More than half of U.S. teenagers are getting the HPV vaccine. Fewer than 30% received it a decade ago. https://t.co/0ZowaTfIzT,Sat Sep 23 02:17:04 +0000 2017,0.0,0.0,1.0,0.0
nytimes,"‚ÄúAll the infrastructure has collapsed. Everything we had before the hurricane is beyond reach.‚Äù
https://t.co/GaIWYII5Zl",Sat Sep 23 02:17:04 +0000 2017,-0.2732,0.0,0.87,0.13
nytimes,RT @nytopinion: HHS Secretary Tom Price loves to talk about slashing entitlements. He might consider starting with his own. https://t.co/1t‚Ä¶,Sat Sep 23 02:17:04 +0000 2017,0.3818,0.155,0.756,0.088
nytimes,We asked students at U.C. Berkeley about the mood on campus ahead of a series of speeches planned for next week.‚Ä¶ https://t.co/hWkSFIH1KW,Sat Sep 23 02:17:04 +0000 2017,0.0,0.0,1.0,0.0
nytimes,Opinion: Credit bureaus have proved to be complete failures at safeguarding the public https://t.co/lHs8rNpYlz,Sat Sep 23 02:17:04 +0000 2017,0.1779,0.251,0.588,0.16
nytimes,Evening Briefing: Here's what you need to know at the end of the day https://t.co/CtaSCy1vGr,Sat Sep 23 02:17:04 +0000 2017,0.0,0.0,1.0,0.0
nytimes,"Pete Turner, a photographer whose intense colors conveyed a phantasmagorical reality, died at 83‚Ä¶ https://t.co/QiWGvBQVzm",Sat Sep 23 02:17:04 +0000 2017,-0.5106,0.082,0.692,0.226
nytimes,Read the full text of Kim Jong-un's response to Donald Trump: https://t.co/aV7ZxVyfTB,Sat Sep 23 02:17:04 +0000 2017,0.0,0.0,1.0,0.0
nytimes,RT @JulietMacur: Three teams announced yesterday that they'd install extra protective netting. Still waiting to hear from Yankees. And wait‚Ä¶,Sat Sep 23 02:17:04 +0000 2017,0.0,0.0,1.0,0.0
nytimes,Betsy DeVos reverses Obama-era policy on campus sexual assault investigations https://t.co/G2mPSpb9PH,Sat Sep 23 02:17:04 +0000 2017,-0.5859,0.0,0.725,0.275
nytimes,"‚ÄúAm I at war with Fox?‚Äù the lawyer Douglas Wigdor repeated the question he was asked. ‚ÄúYeah, I guess I am.‚Äù https://t.co/9WqsoNmu6K",Sat Sep 23 02:17:04 +0000 2017,-0.5994,0.0,0.822,0.178
nytimes,"Tattoos, rap and embroidering cushions with raunchy sayings. These are a few of Judi Dench's favorite things. https://t.co/qUwS7fqyoh",Sat Sep 23 02:17:04 +0000 2017,0.4588,0.158,0.842,0.0
nytimes,RT @nytimesmusic: BTS‚Äôs rappers often dictate the group‚Äôs sound: @JonCaramanica reviews ‚ÄúLove Yourself: ‚ÄòHer‚Äô‚Äù  https://t.co/G1CNlJMRIc,Sat Sep 23 02:17:04 +0000 2017,0.0,0.0,1.0,0.0
nytimes,Ballet about legendary dancer Rudolf Nureyev will go ahead at the Bolshoi Theater after a controversial postponement https://t.co/D8QNg9Qf5X,Sat Sep 23 02:17:04 +0000 2017,-0.2023,0.0,0.899,0.101
nytimes,Evening Briefing: Here's what you need to know at the end of the day https://t.co/kJpiewtoFI,Sat Sep 23 02:17:04 +0000 2017,0.0,0.0,1.0,0.0
nytimes,Mexico City was built on an ancient lake bed. That makes earthquakes much worse. https://t.co/siD8W3QE5s https://t.co/DaSECLYMBn,Sat Sep 23 02:17:04 +0000 2017,-0.4767,0.0,0.829,0.171
nytimes,RT @paulkrugman: Graham-Cassidy isn‚Äôt an aberration; it‚Äôs more like the distilled essence of everything wrong with modern Republicans https‚Ä¶,Sat Sep 23 02:17:04 +0000 2017,-0.079,0.122,0.743,0.135
nytimes,"What's behind the new Affordable Care Act repeal vote? ""Furious"" Republican donors. https://t.co/34ukYzKp2f",Sat Sep 23 02:17:04 +0000 2017,0.4939,0.211,0.789,0.0
nytimes,3 ways the new Republican health bill differs from past repeal efforts https://t.co/LJeohOm7DH https://t.co/jrWo4YaSVu,Sat Sep 23 02:02:06 +0000 2017,0.0,0.0,1.0,0.0
nytimes,We asked U.C. Berkeley students what free speech means to them ahead of an event billed as ‚ÄúFree Speech Week‚Äù‚Ä¶ https://t.co/FAqGUR3vVW,Sat Sep 23 02:02:06 +0000 2017,0.5106,0.142,0.858,0.0
nytimes,More than half of U.S. teenagers are getting the HPV vaccine. Fewer than 30% received it a decade ago. https://t.co/0ZowaTfIzT,Sat Sep 23 02:02:06 +0000 2017,0.0,0.0,1.0,0.0
nytimes,"‚ÄúAll the infrastructure has collapsed. Everything we had before the hurricane is beyond reach.‚Äù
https://t.co/GaIWYII5Zl",Sat Sep 23 02:02:06 +0000 2017,-0.2732,0.0,0.87,0.13
nytimes,RT @nytopinion: HHS Secretary Tom Price loves to talk about slashing entitlements. He might consider starting with his own. https://t.co/1t‚Ä¶,Sat Sep 23 02:02:06 +0000 2017,0.3818,0.155,0.756,0.088
nytimes,We asked students at U.C. Berkeley about the mood on campus ahead of a series of speeches planned for next week.‚Ä¶ https://t.co/hWkSFIH1KW,Sat Sep 23 02:02:06 +0000 2017,0.0,0.0,1.0,0.0
nytimes,Opinion: Credit bureaus have proved to be complete failures at safeguarding the public https://t.co/lHs8rNpYlz,Sat Sep 23 02:02:06 +0000 2017,0.1779,0.251,0.588,0.16
nytimes,Evening Briefing: Here's what you need to know at the end of the day https://t.co/CtaSCy1vGr,Sat Sep 23 02:02:06 +0000 2017,0.0,0.0,1.0,0.0
nytimes,"Pete Turner, a photographer whose intense colors conveyed a phantasmagorical reality, died at 83‚Ä¶ https://t.co/QiWGvBQVzm",Sat Sep 23 02:02:06 +0000 2017,-0.5106,0.082,0.692,0.226
nytimes,Read the full text of Kim Jong-un's response to Donald Trump: https://t.co/aV7ZxVyfTB,Sat Sep 23 02:02:06 +0000 2017,0.0,0.0,1.0,0.0
nytimes,RT @JulietMacur: Three teams announced yesterday that they'd install extra protective netting. Still waiting to hear from Yankees. And wait‚Ä¶,Sat Sep 23 02:02:06 +0000 2017,0.0,0.0,1.0,0.0
nytimes,Betsy DeVos reverses Obama-era policy on campus sexual assault investigations https://t.co/G2mPSpb9PH,Sat Sep 23 02:02:06 +0000 2017,-0.5859,0.0,0.725,0.275
nytimes,"‚ÄúAm I at war with Fox?‚Äù the lawyer Douglas Wigdor repeated the question he was asked. ‚ÄúYeah, I guess I am.‚Äù https://t.co/9WqsoNmu6K",Sat Sep 23 02:02:06 +0000 2017,-0.5994,0.0,0.822,0.178
nytimes,"Tattoos, rap and embroidering cushions with raunchy sayings. These are a few of Judi Dench's favorite things. https://t.co/qUwS7fqyoh",Sat Sep 23 02:02:06 +0000 2017,0.4588,0.158,0.842,0.0
nytimes,RT @nytimesmusic: BTS‚Äôs rappers often dictate the group‚Äôs sound: @JonCaramanica reviews ‚ÄúLove Yourself: ‚ÄòHer‚Äô‚Äù  https://t.co/G1CNlJMRIc,Sat Sep 23 02:02:06 +0000 2017,0.0,0.0,1.0,0.0
nytimes,Ballet about legendary dancer Rudolf Nureyev will go ahead at the Bolshoi Theater after a controversial postponement https://t.co/D8QNg9Qf5X,Sat Sep 23 02:02:06 +0000 2017,-0.2023,0.0,0.899,0.101
nytimes,Evening Briefing: Here's what you need to know at the end of the day https://t.co/kJpiewtoFI,Sat Sep 23 02:02:06 +0000 2017,0.0,0.0,1.0,0.0
nytimes,Mexico City was built on an ancient lake bed. That makes earthquakes much worse. https://t.co/siD8W3QE5s https://t.co/DaSECLYMBn,Sat Sep 23 02:02:06 +0000 2017,-0.4767,0.0,0.829,0.171
nytimes,RT @paulkrugman: Graham-Cassidy isn‚Äôt an aberration; it‚Äôs more like the distilled essence of everything wrong with modern Republicans https‚Ä¶,Sat Sep 23 02:02:06 +0000 2017,-0.079,0.122,0.743,0.135
nytimes,"What's behind the new Affordable Care Act repeal vote? ""Furious"" Republican donors. https://t.co/34ukYzKp2f",Sat Sep 23 02:02:06 +0000 2017,0.4939,0.211,0.789,0.0
nytimes,3 ways the new Republican health bill differs from past repeal efforts https://t.co/LJeohOm7DH https://t.co/jrWo4YaSVu,Sat Sep 23 01:47:06 +0000 2017,0.0,0.0,1.0,0.0
nytimes,We asked U.C. Berkeley students what free speech means to them ahead of an event billed as ‚ÄúFree Speech Week‚Äù‚Ä¶ https://t.co/FAqGUR3vVW,Sat Sep 23 01:47:06 +0000 2017,0.5106,0.142,0.858,0.0
nytimes,More than half of U.S. teenagers are getting the HPV vaccine. Fewer than 30% received it a decade ago. https://t.co/0ZowaTfIzT,Sat Sep 23 01:47:06 +0000 2017,0.0,0.0,1.0,0.0
nytimes,"‚ÄúAll the infrastructure has collapsed. Everything we had before the hurricane is beyond reach.‚Äù
https://t.co/GaIWYII5Zl",Sat Sep 23 01:47:06 +0000 2017,-0.2732,0.0,0.87,0.13
nytimes,RT @nytopinion: HHS Secretary Tom Price loves to talk about slashing entitlements. He might consider starting with his own. https://t.co/1t‚Ä¶,Sat Sep 23 01:47:06 +0000 2017,0.3818,0.155,0.756,0.088
nytimes,We asked students at U.C. Berkeley about the mood on campus ahead of a series of speeches planned for next week.‚Ä¶ https://t.co/hWkSFIH1KW,Sat Sep 23 01:47:06 +0000 2017,0.0,0.0,1.0,0.0
nytimes,Opinion: Credit bureaus have proved to be complete failures at safeguarding the public https://t.co/lHs8rNpYlz,Sat Sep 23 01:47:06 +0000 2017,0.1779,0.251,0.588,0.16
nytimes,Evening Briefing: Here's what you need to know at the end of the day https://t.co/CtaSCy1vGr,Sat Sep 23 01:47:06 +0000 2017,0.0,0.0,1.0,0.0
nytimes,"Pete Turner, a photographer whose intense colors conveyed a phantasmagorical reality, died at 83‚Ä¶ https://t.co/QiWGvBQVzm",Sat Sep 23 01:47:06 +0000 2017,-0.5106,0.082,0.692,0.226
nytimes,Read the full text of Kim Jong-un's response to Donald Trump: https://t.co/aV7ZxVyfTB,Sat Sep 23 01:47:06 +0000 2017,0.0,0.0,1.0,0.0
nytimes,RT @JulietMacur: Three teams announced yesterday that they'd install extra protective netting. Still waiting to hear from Yankees. And wait‚Ä¶,Sat Sep 23 01:47:06 +0000 2017,0.0,0.0,1.0,0.0
nytimes,Betsy DeVos reverses Obama-era policy on campus sexual assault investigations https://t.co/G2mPSpb9PH,Sat Sep 23 01:47:06 +0000 2017,-0.5859,0.0,0.725,0.275
nytimes,"‚ÄúAm I at war with Fox?‚Äù the lawyer Douglas Wigdor repeated the question he was asked. ‚ÄúYeah, I guess I am.‚Äù https://t.co/9WqsoNmu6K",Sat Sep 23 01:47:06 +0000 2017,-0.5994,0.0,0.822,0.178
nytimes,"Tattoos, rap and embroidering cushions with raunchy sayings. These are a few of Judi Dench's favorite things. https://t.co/qUwS7fqyoh",Sat Sep 23 01:47:06 +0000 2017,0.4588,0.158,0.842,0.0
nytimes,RT @nytimesmusic: BTS‚Äôs rappers often dictate the group‚Äôs sound: @JonCaramanica reviews ‚ÄúLove Yourself: ‚ÄòHer‚Äô‚Äù  https://t.co/G1CNlJMRIc,Sat Sep 23 01:47:06 +0000 2017,0.0,0.0,1.0,0.0
nytimes,Ballet about legendary dancer Rudolf Nureyev will go ahead at the Bolshoi Theater after a controversial postponement https://t.co/D8QNg9Qf5X,Sat Sep 23 01:47:06 +0000 2017,-0.2023,0.0,0.899,0.101
nytimes,Evening Briefing: Here's what you need to know at the end of the day https://t.co/kJpiewtoFI,Sat Sep 23 01:47:06 +0000 2017,0.0,0.0,1.0,0.0
nytimes,Mexico City was built on an ancient lake bed. That makes earthquakes much worse. https://t.co/siD8W3QE5s https://t.co/DaSECLYMBn,Sat Sep 23 01:47:06 +0000 2017,-0.4767,0.0,0.829,0.171
nytimes,RT @paulkrugman: Graham-Cassidy isn‚Äôt an aberration; it‚Äôs more like the distilled essence of everything wrong with modern Republicans https‚Ä¶,Sat Sep 23 01:47:06 +0000 2017,-0.079,0.122,0.743,0.135
nytimes,"What's behind the new Affordable Care Act repeal vote? ""Furious"" Republican donors. https://t.co/34ukYzKp2f",Sat Sep 23 01:47:06 +0000 2017,0.4939,0.211,0.789,0.0
