Year,Locationabbr,Locationdesc,Class,Topic,Question,Response,Break_Out,Break_Out_Category,Sample_Size,Data_value,Confidence_limit_Low,Confidence_limit_High,Display_order,Data_value_unit,Data_value_type,Data_Value_Footnote_Symbol,Data_Value_Footnote,DataSource,ClassId,TopicId,LocationID,BreakoutID,BreakOutCategoryID,QuestionID,ResponseID,GeoLocation
2014,AL,Alabama,Chronic Health Indicators,Cardiovascular Disease,Ever told you had a heart attack (myocardial infarction)?,Yes,Overall,Overall,644,5.9,5.2,6.5,528,%,Crude Prevalence,,,BRFSS,CLASS03,Topic10,01,BO1,CAT1,CVDINFR4,RESP046,"(32.84057112200048, -86.63186076199969)"
2014,AL,Alabama,Chronic Health Indicators,Cardiovascular Disease,Ever told you had a heart attack (myocardial infarction)?,No,Overall,Overall,"7,953",94.2,93.5,94.8,529,%,Crude Prevalence,,,BRFSS,CLASS03,Topic10,01,BO1,CAT1,CVDINFR4,RESP054,"(32.84057112200048, -86.63186076199969)"
2014,AL,Alabama,Chronic Health Indicators,Depression,Ever told you that you have a form of depression?,Yes,Overall,Overall,"1,961",21.3,20.1,22.5,942,%,Crude Prevalence,,,BRFSS,CLASS03,Topic17,01,BO1,CAT1,ADDEPEV2,RESP046,"(32.84057112200048, -86.63186076199969)"
2014,AL,Alabama,Chronic Health Indicators,Depression,Ever told you that you have a form of depression?,No,Overall,Overall,"6,650",78.7,77.5,79.9,943,%,Crude Prevalence,,,BRFSS,CLASS03,Topic17,01,BO1,CAT1,ADDEPEV2,RESP054,"(32.84057112200048, -86.63186076199969)"
2014,AL,Alabama,Chronic Health Indicators,Other Cancer,Ever told you had any other types of cancer?,Yes,Overall,Overall,942,8,7.3,8.7,804,%,Crude Prevalence,,,BRFSS,CLASS03,Topic40,01,BO1,CAT1,CHCOCNCR,RESP046,"(32.84057112200048, -86.63186076199969)"
2014,AL,Alabama,Chronic Health Indicators,Other Cancer,Ever told you had any other types of cancer?,No,Overall,Overall,"7,681",92,91.3,92.7,805,%,Crude Prevalence,,,BRFSS,CLASS03,Topic40,01,BO1,CAT1,CHCOCNCR,RESP054,"(32.84057112200048, -86.63186076199969)"
2014,AK,Alaska,Chronic Health Indicators,Cardiovascular Disease,Ever told you had a heart attack (myocardial infarction)?,Yes,Overall,Overall,182,3.3,2.6,4,527,%,Crude Prevalence,,,BRFSS,CLASS03,Topic10,02,BO1,CAT1,CVDINFR4,RESP046,"(64.84507995700051, -147.72205903599973)"
2014,AK,Alaska,Chronic Health Indicators,Cardiovascular Disease,Ever told you had a heart attack (myocardial infarction)?,No,Overall,Overall,"4,183",96.7,96,97.4,528,%,Crude Prevalence,,,BRFSS,CLASS03,Topic10,02,BO1,CAT1,CVDINFR4,RESP054,"(64.84507995700051, -147.72205903599973)"
2014,AK,Alaska,Chronic Health Indicators,Depression,Ever told you that you have a form of depression?,Yes,Overall,Overall,717,15.6,14,17.1,935,%,Crude Prevalence,,,BRFSS,CLASS03,Topic17,02,BO1,CAT1,ADDEPEV2,RESP046,"(64.84507995700051, -147.72205903599973)"
2014,AK,Alaska,Chronic Health Indicators,Depression,Ever told you that you have a form of depression?,No,Overall,Overall,"3,656",84.4,82.9,86,936,%,Crude Prevalence,,,BRFSS,CLASS03,Topic17,02,BO1,CAT1,ADDEPEV2,RESP054,"(64.84507995700051, -147.72205903599973)"
2014,AK,Alaska,Chronic Health Indicators,Other Cancer,Ever told you had any other types of cancer?,Yes,Overall,Overall,360,5.3,4.6,6,798,%,Crude Prevalence,,,BRFSS,CLASS03,Topic40,02,BO1,CAT1,CHCOCNCR,RESP046,"(64.84507995700051, -147.72205903599973)"
2014,AK,Alaska,Chronic Health Indicators,Other Cancer,Ever told you had any other types of cancer?,No,Overall,Overall,"4,017",94.7,94,95.5,799,%,Crude Prevalence,,,BRFSS,CLASS03,Topic40,02,BO1,CAT1,CHCOCNCR,RESP054,"(64.84507995700051, -147.72205903599973)"
2014,AZ,Arizona,Chronic Health Indicators,Cardiovascular Disease,Ever told you had a heart attack (myocardial infarction)?,Yes,Overall,Overall,986,4.4,4,4.8,526,%,Crude Prevalence,,,BRFSS,CLASS03,Topic10,04,BO1,CAT1,CVDINFR4,RESP046,"(34.865970280000454, -111.76381127699972)"
2014,AZ,Arizona,Chronic Health Indicators,Cardiovascular Disease,Ever told you had a heart attack (myocardial infarction)?,No,Overall,Overall,"13,795",95.6,95.2,96.1,527,%,Crude Prevalence,,,BRFSS,CLASS03,Topic10,04,BO1,CAT1,CVDINFR4,RESP054,"(34.865970280000454, -111.76381127699972)"
2014,AZ,Arizona,Chronic Health Indicators,Depression,Ever told you that you have a form of depression?,Yes,Overall,Overall,"2,809",18.7,17.6,19.8,940,%,Crude Prevalence,,,BRFSS,CLASS03,Topic17,04,BO1,CAT1,ADDEPEV2,RESP046,"(34.865970280000454, -111.76381127699972)"
2014,AZ,Arizona,Chronic Health Indicators,Depression,Ever told you that you have a form of depression?,No,Overall,Overall,"11,992",81.3,80.2,82.4,941,%,Crude Prevalence,,,BRFSS,CLASS03,Topic17,04,BO1,CAT1,ADDEPEV2,RESP054,"(34.865970280000454, -111.76381127699972)"
2014,AZ,Arizona,Chronic Health Indicators,Other Cancer,Ever told you had any other types of cancer?,Yes,Overall,Overall,"1,648",6.9,6.4,7.5,802,%,Crude Prevalence,,,BRFSS,CLASS03,Topic40,04,BO1,CAT1,CHCOCNCR,RESP046,"(34.865970280000454, -111.76381127699972)"
2014,AZ,Arizona,Chronic Health Indicators,Other Cancer,Ever told you had any other types of cancer?,No,Overall,Overall,"13,174",93.1,92.6,93.6,803,%,Crude Prevalence,,,BRFSS,CLASS03,Topic40,04,BO1,CAT1,CHCOCNCR,RESP054,"(34.865970280000454, -111.76381127699972)"
2014,AR,Arkansas,Chronic Health Indicators,Cardiovascular Disease,Ever told you had a heart attack (myocardial infarction)?,Yes,Overall,Overall,510,6.7,5.8,7.6,527,%,Crude Prevalence,,,BRFSS,CLASS03,Topic10,05,BO1,CAT1,CVDINFR4,RESP046,"(34.74865012400045, -92.27449074299966)"
2014,AR,Arkansas,Chronic Health Indicators,Cardiovascular Disease,Ever told you had a heart attack (myocardial infarction)?,No,Overall,Overall,"4,713",93.3,92.5,94.2,528,%,Crude Prevalence,,,BRFSS,CLASS03,Topic10,05,BO1,CAT1,CVDINFR4,RESP054,"(34.74865012400045, -92.27449074299966)"
2014,AR,Arkansas,Chronic Health Indicators,Depression,Ever told you that you have a form of depression?,Yes,Overall,Overall,"1,111",21.5,19.8,23.3,941,%,Crude Prevalence,,,BRFSS,CLASS03,Topic17,05,BO1,CAT1,ADDEPEV2,RESP046,"(34.74865012400045, -92.27449074299966)"
2014,AR,Arkansas,Chronic Health Indicators,Depression,Ever told you that you have a form of depression?,No,Overall,Overall,"4,114",78.5,76.7,80.2,942,%,Crude Prevalence,,,BRFSS,CLASS03,Topic17,05,BO1,CAT1,ADDEPEV2,RESP054,"(34.74865012400045, -92.27449074299966)"
2014,AR,Arkansas,Chronic Health Indicators,Other Cancer,Ever told you had any other types of cancer?,Yes,Overall,Overall,588,6.8,6,7.6,803,%,Crude Prevalence,,,BRFSS,CLASS03,Topic40,05,BO1,CAT1,CHCOCNCR,RESP046,"(34.74865012400045, -92.27449074299966)"
2014,AR,Arkansas,Chronic Health Indicators,Other Cancer,Ever told you had any other types of cancer?,No,Overall,Overall,"4,645",93.2,92.4,94,804,%,Crude Prevalence,,,BRFSS,CLASS03,Topic40,05,BO1,CAT1,CHCOCNCR,RESP054,"(34.74865012400045, -92.27449074299966)"
2014,CA,California,Chronic Health Indicators,Cardiovascular Disease,Ever told you had a heart attack (myocardial infarction)?,Yes,Overall,Overall,410,3.5,3.1,3.9,527,%,Crude Prevalence,,,BRFSS,CLASS03,Topic10,06,BO1,CAT1,CVDINFR4,RESP046,"(37.63864012300047, -120.99999953799971)"
2014,CA,California,Chronic Health Indicators,Cardiovascular Disease,Ever told you had a heart attack (myocardial infarction)?,No,Overall,Overall,"8,384",96.5,96.1,96.9,528,%,Crude Prevalence,,,BRFSS,CLASS03,Topic10,06,BO1,CAT1,CVDINFR4,RESP054,"(37.63864012300047, -120.99999953799971)"
2014,CA,California,Chronic Health Indicators,Depression,Ever told you that you have a form of depression?,Yes,Overall,Overall,"1,317",13.3,12.4,14.2,939,%,Crude Prevalence,,,BRFSS,CLASS03,Topic17,06,BO1,CAT1,ADDEPEV2,RESP046,"(37.63864012300047, -120.99999953799971)"
2014,CA,California,Chronic Health Indicators,Depression,Ever told you that you have a form of depression?,No,Overall,Overall,"7,464",86.7,85.8,87.6,940,%,Crude Prevalence,,,BRFSS,CLASS03,Topic17,06,BO1,CAT1,ADDEPEV2,RESP054,"(37.63864012300047, -120.99999953799971)"
2014,CA,California,Chronic Health Indicators,Other Cancer,Ever told you had any other types of cancer?,Yes,Overall,Overall,675,6,5.4,6.6,801,%,Crude Prevalence,,,BRFSS,CLASS03,Topic40,06,BO1,CAT1,CHCOCNCR,RESP046,"(37.63864012300047, -120.99999953799971)"
2014,CA,California,Chronic Health Indicators,Other Cancer,Ever told you had any other types of cancer?,No,Overall,Overall,"8,138",94,93.4,94.7,802,%,Crude Prevalence,,,BRFSS,CLASS03,Topic40,06,BO1,CAT1,CHCOCNCR,RESP054,"(37.63864012300047, -120.99999953799971)"
2014,CO,Colorado,Chronic Health Indicators,Cardiovascular Disease,Ever told you had a heart attack (myocardial infarction)?,Yes,Overall,Overall,589,3.1,2.8,3.4,528,%,Crude Prevalence,,,BRFSS,CLASS03,Topic10,08,BO1,CAT1,CVDINFR4,RESP046,"(38.843840757000464, -106.13361092099967)"
2014,CO,Colorado,Chronic Health Indicators,Cardiovascular Disease,Ever told you had a heart attack (myocardial infarction)?,No,Overall,Overall,"12,743",96.9,96.6,97.2,529,%,Crude Prevalence,,,BRFSS,CLASS03,Topic10,08,BO1,CAT1,CVDINFR4,RESP054,"(38.843840757000464, -106.13361092099967)"
2014,CO,Colorado,Chronic Health Indicators,Depression,Ever told you that you have a form of depression?,Yes,Overall,Overall,"2,301",17,16.2,17.9,942,%,Crude Prevalence,,,BRFSS,CLASS03,Topic17,08,BO1,CAT1,ADDEPEV2,RESP046,"(38.843840757000464, -106.13361092099967)"
2014,CO,Colorado,Chronic Health Indicators,Depression,Ever told you that you have a form of depression?,No,Overall,Overall,"11,030",83,82.1,83.8,943,%,Crude Prevalence,,,BRFSS,CLASS03,Topic17,08,BO1,CAT1,ADDEPEV2,RESP054,"(38.843840757000464, -106.13361092099967)"
2014,CO,Colorado,Chronic Health Indicators,Other Cancer,Ever told you had any other types of cancer?,Yes,Overall,Overall,"1,168",6.1,5.6,6.5,804,%,Crude Prevalence,,,BRFSS,CLASS03,Topic40,08,BO1,CAT1,CHCOCNCR,RESP046,"(38.843840757000464, -106.13361092099967)"
2014,CO,Colorado,Chronic Health Indicators,Other Cancer,Ever told you had any other types of cancer?,No,Overall,Overall,"12,185",93.9,93.5,94.4,805,%,Crude Prevalence,,,BRFSS,CLASS03,Topic40,08,BO1,CAT1,CHCOCNCR,RESP054,"(38.843840757000464, -106.13361092099967)"
2014,CT,Connecticut,Chronic Health Indicators,Cardiovascular Disease,Ever told you had a heart attack (myocardial infarction)?,Yes,Overall,Overall,400,3.7,3.3,4.2,527,%,Crude Prevalence,,,BRFSS,CLASS03,Topic10,09,BO1,CAT1,CVDINFR4,RESP046,"(41.56266102000046, -72.64984095199964)"
2014,CT,Connecticut,Chronic Health Indicators,Cardiovascular Disease,Ever told you had a heart attack (myocardial infarction)?,No,Overall,Overall,"7,512",96.3,95.8,96.8,528,%,Crude Prevalence,,,BRFSS,CLASS03,Topic10,09,BO1,CAT1,CVDINFR4,RESP054,"(41.56266102000046, -72.64984095199964)"
2014,CT,Connecticut,Chronic Health Indicators,Depression,Ever told you that you have a form of depression?,Yes,Overall,Overall,"1,440",18.3,17.1,19.5,937,%,Crude Prevalence,,,BRFSS,CLASS03,Topic17,09,BO1,CAT1,ADDEPEV2,RESP046,"(41.56266102000046, -72.64984095199964)"
2014,CT,Connecticut,Chronic Health Indicators,Depression,Ever told you that you have a form of depression?,No,Overall,Overall,"6,474",81.7,80.5,82.9,938,%,Crude Prevalence,,,BRFSS,CLASS03,Topic17,09,BO1,CAT1,ADDEPEV2,RESP054,"(41.56266102000046, -72.64984095199964)"
2014,CT,Connecticut,Chronic Health Indicators,Other Cancer,Ever told you had any other types of cancer?,Yes,Overall,Overall,817,7.1,6.4,7.8,799,%,Crude Prevalence,,,BRFSS,CLASS03,Topic40,09,BO1,CAT1,CHCOCNCR,RESP046,"(41.56266102000046, -72.64984095199964)"
2014,CT,Connecticut,Chronic Health Indicators,Other Cancer,Ever told you had any other types of cancer?,No,Overall,Overall,"7,117",92.9,92.2,93.6,800,%,Crude Prevalence,,,BRFSS,CLASS03,Topic40,09,BO1,CAT1,CHCOCNCR,RESP054,"(41.56266102000046, -72.64984095199964)"
2014,DE,Delaware,Chronic Health Indicators,Cardiovascular Disease,Ever told you had a heart attack (myocardial infarction)?,Yes,Overall,Overall,318,5,4.3,5.8,527,%,Crude Prevalence,,,BRFSS,CLASS03,Topic10,10,BO1,CAT1,CVDINFR4,RESP046,"(39.008830667000495, -75.57774116799965)"
2014,DE,Delaware,Chronic Health Indicators,Cardiovascular Disease,Ever told you had a heart attack (myocardial infarction)?,No,Overall,Overall,"3,957",95,94.2,95.7,528,%,Crude Prevalence,,,BRFSS,CLASS03,Topic10,10,BO1,CAT1,CVDINFR4,RESP054,"(39.008830667000495, -75.57774116799965)"
2014,DE,Delaware,Chronic Health Indicators,Depression,Ever told you that you have a form of depression?,Yes,Overall,Overall,802,18.3,16.6,20,937,%,Crude Prevalence,,,BRFSS,CLASS03,Topic17,10,BO1,CAT1,ADDEPEV2,RESP046,"(39.008830667000495, -75.57774116799965)"
2014,DE,Delaware,Chronic Health Indicators,Depression,Ever told you that you have a form of depression?,No,Overall,Overall,"3,483",81.7,80,83.4,938,%,Crude Prevalence,,,BRFSS,CLASS03,Topic17,10,BO1,CAT1,ADDEPEV2,RESP054,"(39.008830667000495, -75.57774116799965)"
2014,DE,Delaware,Chronic Health Indicators,Other Cancer,Ever told you had any other types of cancer?,Yes,Overall,Overall,450,7.3,6.4,8.2,799,%,Crude Prevalence,,,BRFSS,CLASS03,Topic40,10,BO1,CAT1,CHCOCNCR,RESP046,"(39.008830667000495, -75.57774116799965)"
2014,DE,Delaware,Chronic Health Indicators,Other Cancer,Ever told you had any other types of cancer?,No,Overall,Overall,"3,841",92.7,91.9,93.6,800,%,Crude Prevalence,,,BRFSS,CLASS03,Topic40,10,BO1,CAT1,CHCOCNCR,RESP054,"(39.008830667000495, -75.57774116799965)"
2014,DC,District of Columbia,Chronic Health Indicators,Cardiovascular Disease,Ever told you had a heart attack (myocardial infarction)?,Yes,Overall,Overall,157,2.6,1.9,3.3,521,%,Crude Prevalence,,,BRFSS,CLASS03,Topic10,11,BO1,CAT1,CVDINFR4,RESP046,"(38.89037138500049, -77.03196112699965)"
2014,DC,District of Columbia,Chronic Health Indicators,Cardiovascular Disease,Ever told you had a heart attack (myocardial infarction)?,No,Overall,Overall,"3,895",97.4,96.7,98.1,522,%,Crude Prevalence,,,BRFSS,CLASS03,Topic10,11,BO1,CAT1,CVDINFR4,RESP054,"(38.89037138500049, -77.03196112699965)"
2014,DC,District of Columbia,Chronic Health Indicators,Depression,Ever told you that you have a form of depression?,Yes,Overall,Overall,664,18.1,15.9,20.3,934,%,Crude Prevalence,,,BRFSS,CLASS03,Topic17,11,BO1,CAT1,ADDEPEV2,RESP046,"(38.89037138500049, -77.03196112699965)"
2014,DC,District of Columbia,Chronic Health Indicators,Depression,Ever told you that you have a form of depression?,No,Overall,Overall,"3,390",81.9,79.8,84.1,935,%,Crude Prevalence,,,BRFSS,CLASS03,Topic17,11,BO1,CAT1,ADDEPEV2,RESP054,"(38.89037138500049, -77.03196112699965)"
2014,DC,District of Columbia,Chronic Health Indicators,Other Cancer,Ever told you had any other types of cancer?,Yes,Overall,Overall,398,6.1,4.9,7.3,796,%,Crude Prevalence,,,BRFSS,CLASS03,Topic40,11,BO1,CAT1,CHCOCNCR,RESP046,"(38.89037138500049, -77.03196112699965)"
2014,DC,District of Columbia,Chronic Health Indicators,Other Cancer,Ever told you had any other types of cancer?,No,Overall,Overall,"3,666",93.9,92.7,95.1,797,%,Crude Prevalence,,,BRFSS,CLASS03,Topic40,11,BO1,CAT1,CHCOCNCR,RESP054,"(38.89037138500049, -77.03196112699965)"
2014,FL,Florida,Chronic Health Indicators,Cardiovascular Disease,Ever told you had a heart attack (myocardial infarction)?,Yes,Overall,Overall,699,5.3,4.8,5.8,528,%,Crude Prevalence,,,BRFSS,CLASS03,Topic10,12,BO1,CAT1,CVDINFR4,RESP046,"(28.932040377000476, -81.92896053899966)"
2014,FL,Florida,Chronic Health Indicators,Cardiovascular Disease,Ever told you had a heart attack (myocardial infarction)?,No,Overall,Overall,"9,079",94.7,94.2,95.2,529,%,Crude Prevalence,,,BRFSS,CLASS03,Topic10,12,BO1,CAT1,CVDINFR4,RESP054,"(28.932040377000476, -81.92896053899966)"
2014,FL,Florida,Chronic Health Indicators,Depression,Ever told you that you have a form of depression?,Yes,Overall,Overall,"1,640",16.2,15.2,17.2,942,%,Crude Prevalence,,,BRFSS,CLASS03,Topic17,12,BO1,CAT1,ADDEPEV2,RESP046,"(28.932040377000476, -81.92896053899966)"
2014,FL,Florida,Chronic Health Indicators,Depression,Ever told you that you have a form of depression?,No,Overall,Overall,"8,126",83.8,82.8,84.8,943,%,Crude Prevalence,,,BRFSS,CLASS03,Topic17,12,BO1,CAT1,ADDEPEV2,RESP054,"(28.932040377000476, -81.92896053899966)"
2014,FL,Florida,Chronic Health Indicators,Other Cancer,Ever told you had any other types of cancer?,Yes,Overall,Overall,"1,159",7.2,6.7,7.8,804,%,Crude Prevalence,,,BRFSS,CLASS03,Topic40,12,BO1,CAT1,CHCOCNCR,RESP046,"(28.932040377000476, -81.92896053899966)"
2014,FL,Florida,Chronic Health Indicators,Other Cancer,Ever told you had any other types of cancer?,No,Overall,Overall,"8,635",92.8,92.3,93.4,805,%,Crude Prevalence,,,BRFSS,CLASS03,Topic40,12,BO1,CAT1,CHCOCNCR,RESP054,"(28.932040377000476, -81.92896053899966)"
2014,GA,Georgia,Chronic Health Indicators,Cardiovascular Disease,Ever told you had a heart attack (myocardial infarction)?,Yes,Overall,Overall,382,4.5,3.9,5.1,527,%,Crude Prevalence,,,BRFSS,CLASS03,Topic10,13,BO1,CAT1,CVDINFR4,RESP046,"(32.83968109300048, -83.62758034599966)"
2014,GA,Georgia,Chronic Health Indicators,Cardiovascular Disease,Ever told you had a heart attack (myocardial infarction)?,No,Overall,Overall,"5,948",95.5,94.9,96.1,528,%,Crude Prevalence,,,BRFSS,CLASS03,Topic10,13,BO1,CAT1,CVDINFR4,RESP054,"(32.83968109300048, -83.62758034599966)"
2014,GA,Georgia,Chronic Health Indicators,Depression,Ever told you that you have a form of depression?,Yes,Overall,Overall,"1,243",18.3,17,19.7,939,%,Crude Prevalence,,,BRFSS,CLASS03,Topic17,13,BO1,CAT1,ADDEPEV2,RESP046,"(32.83968109300048, -83.62758034599966)"
2014,GA,Georgia,Chronic Health Indicators,Depression,Ever told you that you have a form of depression?,No,Overall,Overall,"5,079",81.7,80.4,83,940,%,Crude Prevalence,,,BRFSS,CLASS03,Topic17,13,BO1,CAT1,ADDEPEV2,RESP054,"(32.83968109300048, -83.62758034599966)"
2014,GA,Georgia,Chronic Health Indicators,Other Cancer,Ever told you had any other types of cancer?,Yes,Overall,Overall,597,5.9,5.2,6.5,801,%,Crude Prevalence,,,BRFSS,CLASS03,Topic40,13,BO1,CAT1,CHCOCNCR,RESP046,"(32.83968109300048, -83.62758034599966)"
2014,GA,Georgia,Chronic Health Indicators,Other Cancer,Ever told you had any other types of cancer?,No,Overall,Overall,"5,742",94.2,93.5,94.8,802,%,Crude Prevalence,,,BRFSS,CLASS03,Topic40,13,BO1,CAT1,CHCOCNCR,RESP054,"(32.83968109300048, -83.62758034599966)"
2014,HI,Hawaii,Chronic Health Indicators,Cardiovascular Disease,Ever told you had a heart attack (myocardial infarction)?,Yes,Overall,Overall,302,3.1,2.6,3.6,528,%,Crude Prevalence,,,BRFSS,CLASS03,Topic10,15,BO1,CAT1,CVDINFR4,RESP046,"(21.304850435000446, -157.85774940299973)"
2014,HI,Hawaii,Chronic Health Indicators,Cardiovascular Disease,Ever told you had a heart attack (myocardial infarction)?,No,Overall,Overall,"6,907",96.9,96.4,97.4,529,%,Crude Prevalence,,,BRFSS,CLASS03,Topic10,15,BO1,CAT1,CVDINFR4,RESP054,"(21.304850435000446, -157.85774940299973)"
2014,HI,Hawaii,Chronic Health Indicators,Depression,Ever told you that you have a form of depression?,Yes,Overall,Overall,924,10.7,9.8,11.7,941,%,Crude Prevalence,,,BRFSS,CLASS03,Topic17,15,BO1,CAT1,ADDEPEV2,RESP046,"(21.304850435000446, -157.85774940299973)"
2014,HI,Hawaii,Chronic Health Indicators,Depression,Ever told you that you have a form of depression?,No,Overall,Overall,"6,293",89.3,88.3,90.3,942,%,Crude Prevalence,,,BRFSS,CLASS03,Topic17,15,BO1,CAT1,ADDEPEV2,RESP054,"(21.304850435000446, -157.85774940299973)"
2014,HI,Hawaii,Chronic Health Indicators,Other Cancer,Ever told you had any other types of cancer?,Yes,Overall,Overall,527,5.8,5.1,6.4,803,%,Crude Prevalence,,,BRFSS,CLASS03,Topic40,15,BO1,CAT1,CHCOCNCR,RESP046,"(21.304850435000446, -157.85774940299973)"
2014,HI,Hawaii,Chronic Health Indicators,Other Cancer,Ever told you had any other types of cancer?,No,Overall,Overall,"6,706",94.2,93.6,94.9,804,%,Crude Prevalence,,,BRFSS,CLASS03,Topic40,15,BO1,CAT1,CHCOCNCR,RESP054,"(21.304850435000446, -157.85774940299973)"
2014,ID,Idaho,Chronic Health Indicators,Cardiovascular Disease,Ever told you had a heart attack (myocardial infarction)?,Yes,Overall,Overall,322,3.7,3.1,4.2,525,%,Crude Prevalence,,,BRFSS,CLASS03,Topic10,16,BO1,CAT1,CVDINFR4,RESP046,"(43.682630005000476, -114.3637300419997)"
2014,ID,Idaho,Chronic Health Indicators,Cardiovascular Disease,Ever told you had a heart attack (myocardial infarction)?,No,Overall,Overall,"5,143",96.3,95.8,96.9,526,%,Crude Prevalence,,,BRFSS,CLASS03,Topic10,16,BO1,CAT1,CVDINFR4,RESP054,"(43.682630005000476, -114.3637300419997)"
2014,ID,Idaho,Chronic Health Indicators,Depression,Ever told you that you have a form of depression?,Yes,Overall,Overall,"1,117",19.5,18,21,937,%,Crude Prevalence,,,BRFSS,CLASS03,Topic17,16,BO1,CAT1,ADDEPEV2,RESP046,"(43.682630005000476, -114.3637300419997)"
2014,ID,Idaho,Chronic Health Indicators,Depression,Ever told you that you have a form of depression?,No,Overall,Overall,"4,351",80.5,79,82,938,%,Crude Prevalence,,,BRFSS,CLASS03,Topic17,16,BO1,CAT1,ADDEPEV2,RESP054,"(43.682630005000476, -114.3637300419997)"
2014,ID,Idaho,Chronic Health Indicators,Other Cancer,Ever told you had any other types of cancer?,Yes,Overall,Overall,508,6.8,5.9,7.7,799,%,Crude Prevalence,,,BRFSS,CLASS03,Topic40,16,BO1,CAT1,CHCOCNCR,RESP046,"(43.682630005000476, -114.3637300419997)"
2014,ID,Idaho,Chronic Health Indicators,Other Cancer,Ever told you had any other types of cancer?,No,Overall,Overall,"4,964",93.2,92.4,94.1,800,%,Crude Prevalence,,,BRFSS,CLASS03,Topic40,16,BO1,CAT1,CHCOCNCR,RESP054,"(43.682630005000476, -114.3637300419997)"
2014,IL,Illinois,Chronic Health Indicators,Cardiovascular Disease,Ever told you had a heart attack (myocardial infarction)?,Yes,Overall,Overall,267,3.7,3.1,4.3,526,%,Crude Prevalence,,,BRFSS,CLASS03,Topic10,17,BO1,CAT1,CVDINFR4,RESP046,"(40.48501028300046, -88.99771017799969)"
2014,IL,Illinois,Chronic Health Indicators,Cardiovascular Disease,Ever told you had a heart attack (myocardial infarction)?,No,Overall,Overall,"4,771",96.3,95.7,96.9,527,%,Crude Prevalence,,,BRFSS,CLASS03,Topic10,17,BO1,CAT1,CVDINFR4,RESP054,"(40.48501028300046, -88.99771017799969)"
2014,IL,Illinois,Chronic Health Indicators,Depression,Ever told you that you have a form of depression?,Yes,Overall,Overall,820,16.7,15.3,18.1,937,%,Crude Prevalence,,,BRFSS,CLASS03,Topic17,17,BO1,CAT1,ADDEPEV2,RESP046,"(40.48501028300046, -88.99771017799969)"
2014,IL,Illinois,Chronic Health Indicators,Depression,Ever told you that you have a form of depression?,No,Overall,Overall,"4,220",83.3,81.9,84.7,938,%,Crude Prevalence,,,BRFSS,CLASS03,Topic17,17,BO1,CAT1,ADDEPEV2,RESP054,"(40.48501028300046, -88.99771017799969)"
2014,IL,Illinois,Chronic Health Indicators,Other Cancer,Ever told you had any other types of cancer?,Yes,Overall,Overall,433,5.3,4.7,6,799,%,Crude Prevalence,,,BRFSS,CLASS03,Topic40,17,BO1,CAT1,CHCOCNCR,RESP046,"(40.48501028300046, -88.99771017799969)"
2014,IL,Illinois,Chronic Health Indicators,Other Cancer,Ever told you had any other types of cancer?,No,Overall,Overall,"4,613",94.7,94,95.3,800,%,Crude Prevalence,,,BRFSS,CLASS03,Topic40,17,BO1,CAT1,CHCOCNCR,RESP054,"(40.48501028300046, -88.99771017799969)"
2014,IN,Indiana,Chronic Health Indicators,Cardiovascular Disease,Ever told you had a heart attack (myocardial infarction)?,Yes,Overall,Overall,801,5,4.6,5.5,527,%,Crude Prevalence,,,BRFSS,CLASS03,Topic10,18,BO1,CAT1,CVDINFR4,RESP046,"(39.766910452000445, -86.14996019399968)"
2014,IN,Indiana,Chronic Health Indicators,Cardiovascular Disease,Ever told you had a heart attack (myocardial infarction)?,No,Overall,Overall,"10,652",95,94.6,95.5,528,%,Crude Prevalence,,,BRFSS,CLASS03,Topic10,18,BO1,CAT1,CVDINFR4,RESP054,"(39.766910452000445, -86.14996019399968)"
2014,IN,Indiana,Chronic Health Indicators,Depression,Ever told you that you have a form of depression?,Yes,Overall,Overall,"2,323",20.7,19.7,21.7,939,%,Crude Prevalence,,,BRFSS,CLASS03,Topic17,18,BO1,CAT1,ADDEPEV2,RESP046,"(39.766910452000445, -86.14996019399968)"
2014,IN,Indiana,Chronic Health Indicators,Depression,Ever told you that you have a form of depression?,No,Overall,Overall,"9,150",79.3,78.3,80.3,940,%,Crude Prevalence,,,BRFSS,CLASS03,Topic17,18,BO1,CAT1,ADDEPEV2,RESP054,"(39.766910452000445, -86.14996019399968)"
2014,IN,Indiana,Chronic Health Indicators,Other Cancer,Ever told you had any other types of cancer?,Yes,Overall,Overall,"1,134",6.3,5.8,6.8,801,%,Crude Prevalence,,,BRFSS,CLASS03,Topic40,18,BO1,CAT1,CHCOCNCR,RESP046,"(39.766910452000445, -86.14996019399968)"
2014,IN,Indiana,Chronic Health Indicators,Other Cancer,Ever told you had any other types of cancer?,No,Overall,Overall,"10,365",93.7,93.2,94.2,802,%,Crude Prevalence,,,BRFSS,CLASS03,Topic40,18,BO1,CAT1,CHCOCNCR,RESP054,"(39.766910452000445, -86.14996019399968)"
2014,IA,Iowa,Chronic Health Indicators,Cardiovascular Disease,Ever told you had a heart attack (myocardial infarction)?,Yes,Overall,Overall,489,4.4,3.9,4.9,527,%,Crude Prevalence,,,BRFSS,CLASS03,Topic10,19,BO1,CAT1,CVDINFR4,RESP046,"(42.46940091300047, -93.81649055599968)"
2014,IA,Iowa,Chronic Health Indicators,Cardiovascular Disease,Ever told you had a heart attack (myocardial infarction)?,No,Overall,Overall,"7,609",95.6,95.1,96.1,528,%,Crude Prevalence,,,BRFSS,CLASS03,Topic10,19,BO1,CAT1,CVDINFR4,RESP054,"(42.46940091300047, -93.81649055599968)"
2014,IA,Iowa,Chronic Health Indicators,Depression,Ever told you that you have a form of depression?,Yes,Overall,Overall,"1,460",18.7,17.5,19.9,939,%,Crude Prevalence,,,BRFSS,CLASS03,Topic17,19,BO1,CAT1,ADDEPEV2,RESP046,"(42.46940091300047, -93.81649055599968)"
2014,IA,Iowa,Chronic Health Indicators,Depression,Ever told you that you have a form of depression?,No,Overall,Overall,"6,635",81.3,80.1,82.5,940,%,Crude Prevalence,,,BRFSS,CLASS03,Topic17,19,BO1,CAT1,ADDEPEV2,RESP054,"(42.46940091300047, -93.81649055599968)"
2014,IA,Iowa,Chronic Health Indicators,Other Cancer,Ever told you had any other types of cancer?,Yes,Overall,Overall,773,6.8,6.2,7.4,802,%,Crude Prevalence,,,BRFSS,CLASS03,Topic40,19,BO1,CAT1,CHCOCNCR,RESP046,"(42.46940091300047, -93.81649055599968)"
2014,IA,Iowa,Chronic Health Indicators,Other Cancer,Ever told you had any other types of cancer?,No,Overall,Overall,"7,342",93.2,92.6,93.8,803,%,Crude Prevalence,,,BRFSS,CLASS03,Topic40,19,BO1,CAT1,CHCOCNCR,RESP054,"(42.46940091300047, -93.81649055599968)"
2014,KS,Kansas,Chronic Health Indicators,Cardiovascular Disease,Ever told you had a heart attack (myocardial infarction)?,Yes,Overall,Overall,742,4.2,3.9,4.6,528,%,Crude Prevalence,,,BRFSS,CLASS03,Topic10,20,BO1,CAT1,CVDINFR4,RESP046,"(38.34774030000045, -98.20078122699965)"
2014,KS,Kansas,Chronic Health Indicators,Cardiovascular Disease,Ever told you had a heart attack (myocardial infarction)?,No,Overall,Overall,"12,923",95.8,95.4,96.1,529,%,Crude Prevalence,,,BRFSS,CLASS03,Topic10,20,BO1,CAT1,CVDINFR4,RESP054,"(38.34774030000045, -98.20078122699965)"
2014,KS,Kansas,Chronic Health Indicators,Depression,Ever told you that you have a form of depression?,Yes,Overall,Overall,"2,589",18.6,17.8,19.4,942,%,Crude Prevalence,,,BRFSS,CLASS03,Topic17,20,BO1,CAT1,ADDEPEV2,RESP046,"(38.34774030000045, -98.20078122699965)"
2014,KS,Kansas,Chronic Health Indicators,Depression,Ever told you that you have a form of depression?,No,Overall,Overall,"11,087",81.4,80.6,82.2,943,%,Crude Prevalence,,,BRFSS,CLASS03,Topic17,20,BO1,CAT1,ADDEPEV2,RESP054,"(38.34774030000045, -98.20078122699965)"
2014,KS,Kansas,Chronic Health Indicators,Other Cancer,Ever told you had any other types of cancer?,Yes,Overall,Overall,"1,310",6.8,6.3,7.2,804,%,Crude Prevalence,,,BRFSS,CLASS03,Topic40,20,BO1,CAT1,CHCOCNCR,RESP046,"(38.34774030000045, -98.20078122699965)"
2014,KS,Kansas,Chronic Health Indicators,Other Cancer,Ever told you had any other types of cancer?,No,Overall,Overall,"12,399",93.3,92.8,93.7,805,%,Crude Prevalence,,,BRFSS,CLASS03,Topic40,20,BO1,CAT1,CHCOCNCR,RESP054,"(38.34774030000045, -98.20078122699965)"
2014,KY,Kentucky,Chronic Health Indicators,Cardiovascular Disease,Ever told you had a heart attack (myocardial infarction)?,Yes,Overall,Overall,984,6.8,6.1,7.5,528,%,Crude Prevalence,,,BRFSS,CLASS03,Topic10,21,BO1,CAT1,CVDINFR4,RESP046,"(37.645970271000465, -84.77497104799966)"
2014,KY,Kentucky,Chronic Health Indicators,Cardiovascular Disease,Ever told you had a heart attack (myocardial infarction)?,No,Overall,Overall,"10,163",93.2,92.5,93.9,529,%,Crude Prevalence,,,BRFSS,CLASS03,Topic10,21,BO1,CAT1,CVDINFR4,RESP054,"(37.645970271000465, -84.77497104799966)"
2014,KY,Kentucky,Chronic Health Indicators,Depression,Ever told you that you have a form of depression?,Yes,Overall,Overall,"2,627",23.9,22.5,25.3,942,%,Crude Prevalence,,,BRFSS,CLASS03,Topic17,21,BO1,CAT1,ADDEPEV2,RESP046,"(37.645970271000465, -84.77497104799966)"
2014,KY,Kentucky,Chronic Health Indicators,Depression,Ever told you that you have a form of depression?,No,Overall,Overall,"8,517",76.1,74.7,77.5,943,%,Crude Prevalence,,,BRFSS,CLASS03,Topic17,21,BO1,CAT1,ADDEPEV2,RESP054,"(37.645970271000465, -84.77497104799966)"
2014,KY,Kentucky,Chronic Health Indicators,Other Cancer,Ever told you had any other types of cancer?,Yes,Overall,Overall,"1,209",8.1,7.4,8.8,804,%,Crude Prevalence,,,BRFSS,CLASS03,Topic40,21,BO1,CAT1,CHCOCNCR,RESP046,"(37.645970271000465, -84.77497104799966)"
2014,KY,Kentucky,Chronic Health Indicators,Other Cancer,Ever told you had any other types of cancer?,No,Overall,Overall,"9,961",91.9,91.2,92.7,805,%,Crude Prevalence,,,BRFSS,CLASS03,Topic40,21,BO1,CAT1,CHCOCNCR,RESP054,"(37.645970271000465, -84.77497104799966)"
2014,LA,Louisiana,Chronic Health Indicators,Cardiovascular Disease,Ever told you had a heart attack (myocardial infarction)?,Yes,Overall,Overall,462,5.2,4.6,5.7,527,%,Crude Prevalence,,,BRFSS,CLASS03,Topic10,22,BO1,CAT1,CVDINFR4,RESP046,"(31.31266064400046, -92.44568007099969)"
2014,LA,Louisiana,Chronic Health Indicators,Cardiovascular Disease,Ever told you had a heart attack (myocardial infarction)?,No,Overall,Overall,"6,293",94.8,94.3,95.4,528,%,Crude Prevalence,,,BRFSS,CLASS03,Topic10,22,BO1,CAT1,CVDINFR4,RESP054,"(31.31266064400046, -92.44568007099969)"
2014,LA,Louisiana,Chronic Health Indicators,Depression,Ever told you that you have a form of depression?,Yes,Overall,Overall,"1,324",18.7,17.5,19.8,941,%,Crude Prevalence,,,BRFSS,CLASS03,Topic17,22,BO1,CAT1,ADDEPEV2,RESP046,"(31.31266064400046, -92.44568007099969)"
2014,LA,Louisiana,Chronic Health Indicators,Depression,Ever told you that you have a form of depression?,No,Overall,Overall,"5,429",81.4,80.2,82.5,942,%,Crude Prevalence,,,BRFSS,CLASS03,Topic17,22,BO1,CAT1,ADDEPEV2,RESP054,"(31.31266064400046, -92.44568007099969)"
2014,LA,Louisiana,Chronic Health Indicators,Other Cancer,Ever told you had any other types of cancer?,Yes,Overall,Overall,600,6.5,5.9,7.1,803,%,Crude Prevalence,,,BRFSS,CLASS03,Topic40,22,BO1,CAT1,CHCOCNCR,RESP046,"(31.31266064400046, -92.44568007099969)"
2014,LA,Louisiana,Chronic Health Indicators,Other Cancer,Ever told you had any other types of cancer?,No,Overall,Overall,"6,164",93.5,92.9,94.2,804,%,Crude Prevalence,,,BRFSS,CLASS03,Topic40,22,BO1,CAT1,CHCOCNCR,RESP054,"(31.31266064400046, -92.44568007099969)"
2014,ME,Maine,Chronic Health Indicators,Cardiovascular Disease,Ever told you had a heart attack (myocardial infarction)?,Yes,Overall,Overall,598,5.5,4.9,6.1,523,%,Crude Prevalence,,,BRFSS,CLASS03,Topic10,23,BO1,CAT1,CVDINFR4,RESP046,"(45.254228894000505, -68.98503133599962)"
2014,ME,Maine,Chronic Health Indicators,Cardiovascular Disease,Ever told you had a heart attack (myocardial infarction)?,No,Overall,Overall,"8,488",94.5,93.9,95.1,524,%,Crude Prevalence,,,BRFSS,CLASS03,Topic10,23,BO1,CAT1,CVDINFR4,RESP054,"(45.254228894000505, -68.98503133599962)"
2014,ME,Maine,Chronic Health Indicators,Depression,Ever told you that you have a form of depression?,Yes,Overall,Overall,"2,074",23.7,22.5,24.9,935,%,Crude Prevalence,,,BRFSS,CLASS03,Topic17,23,BO1,CAT1,ADDEPEV2,RESP046,"(45.254228894000505, -68.98503133599962)"
2014,ME,Maine,Chronic Health Indicators,Depression,Ever told you that you have a form of depression?,No,Overall,Overall,"7,020",76.3,75.1,77.6,936,%,Crude Prevalence,,,BRFSS,CLASS03,Topic17,23,BO1,CAT1,ADDEPEV2,RESP054,"(45.254228894000505, -68.98503133599962)"
2014,ME,Maine,Chronic Health Indicators,Other Cancer,Ever told you had any other types of cancer?,Yes,Overall,Overall,983,8,7.4,8.7,798,%,Crude Prevalence,,,BRFSS,CLASS03,Topic40,23,BO1,CAT1,CHCOCNCR,RESP046,"(45.254228894000505, -68.98503133599962)"
2014,ME,Maine,Chronic Health Indicators,Other Cancer,Ever told you had any other types of cancer?,No,Overall,Overall,"8,128",92,91.4,92.7,799,%,Crude Prevalence,,,BRFSS,CLASS03,Topic40,23,BO1,CAT1,CHCOCNCR,RESP054,"(45.254228894000505, -68.98503133599962)"
2014,MD,Maryland,Chronic Health Indicators,Cardiovascular Disease,Ever told you had a heart attack (myocardial infarction)?,Yes,Overall,Overall,693,3.2,2.8,3.5,528,%,Crude Prevalence,,,BRFSS,CLASS03,Topic10,24,BO1,CAT1,CVDINFR4,RESP046,"(39.29058096400047, -76.60926011099963)"
2014,MD,Maryland,Chronic Health Indicators,Cardiovascular Disease,Ever told you had a heart attack (myocardial infarction)?,No,Overall,Overall,"11,811",96.9,96.5,97.2,529,%,Crude Prevalence,,,BRFSS,CLASS03,Topic10,24,BO1,CAT1,CVDINFR4,RESP054,"(39.29058096400047, -76.60926011099963)"
2014,MD,Maryland,Chronic Health Indicators,Depression,Ever told you that you have a form of depression?,Yes,Overall,Overall,"2,197",15.9,14.7,17.1,941,%,Crude Prevalence,,,BRFSS,CLASS03,Topic17,24,BO1,CAT1,ADDEPEV2,RESP046,"(39.29058096400047, -76.60926011099963)"
2014,MD,Maryland,Chronic Health Indicators,Depression,Ever told you that you have a form of depression?,No,Overall,Overall,"10,323",84.1,82.9,85.3,942,%,Crude Prevalence,,,BRFSS,CLASS03,Topic17,24,BO1,CAT1,ADDEPEV2,RESP054,"(39.29058096400047, -76.60926011099963)"
2014,MD,Maryland,Chronic Health Indicators,Other Cancer,Ever told you had any other types of cancer?,Yes,Overall,Overall,"1,327",5.8,5.3,6.4,803,%,Crude Prevalence,,,BRFSS,CLASS03,Topic40,24,BO1,CAT1,CHCOCNCR,RESP046,"(39.29058096400047, -76.60926011099963)"
2014,MD,Maryland,Chronic Health Indicators,Other Cancer,Ever told you had any other types of cancer?,No,Overall,Overall,"11,194",94.2,93.7,94.8,804,%,Crude Prevalence,,,BRFSS,CLASS03,Topic40,24,BO1,CAT1,CHCOCNCR,RESP054,"(39.29058096400047, -76.60926011099963)"
2014,MA,Massachusetts,Chronic Health Indicators,Cardiovascular Disease,Ever told you had a heart attack (myocardial infarction)?,Yes,Overall,Overall,946,4.1,3.7,4.6,526,%,Crude Prevalence,,,BRFSS,CLASS03,Topic10,25,BO1,CAT1,CVDINFR4,RESP046,"(42.27687047000046, -72.08269067499964)"
2014,MA,Massachusetts,Chronic Health Indicators,Cardiovascular Disease,Ever told you had a heart attack (myocardial infarction)?,No,Overall,Overall,"14,626",95.9,95.5,96.4,527,%,Crude Prevalence,,,BRFSS,CLASS03,Topic10,25,BO1,CAT1,CVDINFR4,RESP054,"(42.27687047000046, -72.08269067499964)"
2014,MA,Massachusetts,Chronic Health Indicators,Depression,Ever told you that you have a form of depression?,Yes,Overall,Overall,"3,447",21.7,20.6,22.7,940,%,Crude Prevalence,,,BRFSS,CLASS03,Topic17,25,BO1,CAT1,ADDEPEV2,RESP046,"(42.27687047000046, -72.08269067499964)"
2014,MA,Massachusetts,Chronic Health Indicators,Depression,Ever told you that you have a form of depression?,No,Overall,Overall,"12,098",78.4,77.3,79.4,941,%,Crude Prevalence,,,BRFSS,CLASS03,Topic17,25,BO1,CAT1,ADDEPEV2,RESP054,"(42.27687047000046, -72.08269067499964)"
2014,MA,Massachusetts,Chronic Health Indicators,Other Cancer,Ever told you had any other types of cancer?,Yes,Overall,Overall,"1,728",7.6,7,8.1,802,%,Crude Prevalence,,,BRFSS,CLASS03,Topic40,25,BO1,CAT1,CHCOCNCR,RESP046,"(42.27687047000046, -72.08269067499964)"
2014,MA,Massachusetts,Chronic Health Indicators,Other Cancer,Ever told you had any other types of cancer?,No,Overall,Overall,"13,856",92.4,91.9,93,803,%,Crude Prevalence,,,BRFSS,CLASS03,Topic40,25,BO1,CAT1,CHCOCNCR,RESP054,"(42.27687047000046, -72.08269067499964)"
2014,MI,Michigan,Chronic Health Indicators,Cardiovascular Disease,Ever told you had a heart attack (myocardial infarction)?,Yes,Overall,Overall,561,5.2,4.6,5.7,528,%,Crude Prevalence,,,BRFSS,CLASS03,Topic10,26,BO1,CAT1,CVDINFR4,RESP046,"(44.6613195430005, -84.71439026999968)"
2014,MI,Michigan,Chronic Health Indicators,Cardiovascular Disease,Ever told you had a heart attack (myocardial infarction)?,No,Overall,Overall,"7,853",94.8,94.3,95.4,529,%,Crude Prevalence,,,BRFSS,CLASS03,Topic10,26,BO1,CAT1,CVDINFR4,RESP054,"(44.6613195430005, -84.71439026999968)"
2014,MI,Michigan,Chronic Health Indicators,Depression,Ever told you that you have a form of depression?,Yes,Overall,Overall,"1,641",20.5,19.3,21.6,942,%,Crude Prevalence,,,BRFSS,CLASS03,Topic17,26,BO1,CAT1,ADDEPEV2,RESP046,"(44.6613195430005, -84.71439026999968)"
2014,MI,Michigan,Chronic Health Indicators,Depression,Ever told you that you have a form of depression?,No,Overall,Overall,"6,798",79.5,78.4,80.7,943,%,Crude Prevalence,,,BRFSS,CLASS03,Topic17,26,BO1,CAT1,ADDEPEV2,RESP054,"(44.6613195430005, -84.71439026999968)"
2014,MI,Michigan,Chronic Health Indicators,Other Cancer,Ever told you had any other types of cancer?,Yes,Overall,Overall,893,7.7,7.1,8.4,804,%,Crude Prevalence,,,BRFSS,CLASS03,Topic40,26,BO1,CAT1,CHCOCNCR,RESP046,"(44.6613195430005, -84.71439026999968)"
2014,MI,Michigan,Chronic Health Indicators,Other Cancer,Ever told you had any other types of cancer?,No,Overall,Overall,"7,555",92.3,91.6,92.9,805,%,Crude Prevalence,,,BRFSS,CLASS03,Topic40,26,BO1,CAT1,CHCOCNCR,RESP054,"(44.6613195430005, -84.71439026999968)"
2014,MN,Minnesota,Chronic Health Indicators,Cardiovascular Disease,Ever told you had a heart attack (myocardial infarction)?,Yes,Overall,Overall,774,3.8,3.5,4.1,528,%,Crude Prevalence,,,BRFSS,CLASS03,Topic10,27,BO1,CAT1,CVDINFR4,RESP046,"(46.35564873600049, -94.79420050299967)"
2014,MN,Minnesota,Chronic Health Indicators,Cardiovascular Disease,Ever told you had a heart attack (myocardial infarction)?,No,Overall,Overall,"15,585",96.2,95.9,96.6,529,%,Crude Prevalence,,,BRFSS,CLASS03,Topic10,27,BO1,CAT1,CVDINFR4,RESP054,"(46.35564873600049, -94.79420050299967)"
2014,MN,Minnesota,Chronic Health Indicators,Depression,Ever told you that you have a form of depression?,Yes,Overall,Overall,"3,050",18.2,17.4,18.9,942,%,Crude Prevalence,,,BRFSS,CLASS03,Topic17,27,BO1,CAT1,ADDEPEV2,RESP046,"(46.35564873600049, -94.79420050299967)"
2014,MN,Minnesota,Chronic Health Indicators,Depression,Ever told you that you have a form of depression?,No,Overall,Overall,"13,309",81.8,81.1,82.6,943,%,Crude Prevalence,,,BRFSS,CLASS03,Topic17,27,BO1,CAT1,ADDEPEV2,RESP054,"(46.35564873600049, -94.79420050299967)"
2014,MN,Minnesota,Chronic Health Indicators,Other Cancer,Ever told you had any other types of cancer?,Yes,Overall,Overall,"1,368",6.3,5.9,6.7,804,%,Crude Prevalence,,,BRFSS,CLASS03,Topic40,27,BO1,CAT1,CHCOCNCR,RESP046,"(46.35564873600049, -94.79420050299967)"
2014,MN,Minnesota,Chronic Health Indicators,Other Cancer,Ever told you had any other types of cancer?,No,Overall,Overall,"15,029",93.7,93.3,94.1,805,%,Crude Prevalence,,,BRFSS,CLASS03,Topic40,27,BO1,CAT1,CHCOCNCR,RESP054,"(46.35564873600049, -94.79420050299967)"
2014,MS,Mississippi,Chronic Health Indicators,Cardiovascular Disease,Ever told you had a heart attack (myocardial infarction)?,Yes,Overall,Overall,278,4.9,4.1,5.6,525,%,Crude Prevalence,,,BRFSS,CLASS03,Topic10,28,BO1,CAT1,CVDINFR4,RESP046,"(32.745510099000455, -89.53803082499968)"
2014,MS,Mississippi,Chronic Health Indicators,Cardiovascular Disease,Ever told you had a heart attack (myocardial infarction)?,No,Overall,Overall,"3,905",95.1,94.4,95.9,526,%,Crude Prevalence,,,BRFSS,CLASS03,Topic10,28,BO1,CAT1,CVDINFR4,RESP054,"(32.745510099000455, -89.53803082499968)"
2014,MS,Mississippi,Chronic Health Indicators,Depression,Ever told you that you have a form of depression?,Yes,Overall,Overall,814,19.9,18.2,21.7,934,%,Crude Prevalence,,,BRFSS,CLASS03,Topic17,28,BO1,CAT1,ADDEPEV2,RESP046,"(32.745510099000455, -89.53803082499968)"
2014,MS,Mississippi,Chronic Health Indicators,Depression,Ever told you that you have a form of depression?,No,Overall,Overall,"3,370",80.1,78.3,81.8,935,%,Crude Prevalence,,,BRFSS,CLASS03,Topic17,28,BO1,CAT1,ADDEPEV2,RESP054,"(32.745510099000455, -89.53803082499968)"
2014,MS,Mississippi,Chronic Health Indicators,Other Cancer,Ever told you had any other types of cancer?,Yes,Overall,Overall,409,6.5,5.6,7.3,798,%,Crude Prevalence,,,BRFSS,CLASS03,Topic40,28,BO1,CAT1,CHCOCNCR,RESP046,"(32.745510099000455, -89.53803082499968)"
2014,MS,Mississippi,Chronic Health Indicators,Other Cancer,Ever told you had any other types of cancer?,No,Overall,Overall,"3,786",93.6,92.7,94.4,799,%,Crude Prevalence,,,BRFSS,CLASS03,Topic40,28,BO1,CAT1,CHCOCNCR,RESP054,"(32.745510099000455, -89.53803082499968)"
2014,MO,Missouri,Chronic Health Indicators,Cardiovascular Disease,Ever told you had a heart attack (myocardial infarction)?,Yes,Overall,Overall,532,5.4,4.7,6.1,528,%,Crude Prevalence,,,BRFSS,CLASS03,Topic10,29,BO1,CAT1,CVDINFR4,RESP046,"(38.635790776000476, -92.56630005299968)"
2014,MO,Missouri,Chronic Health Indicators,Cardiovascular Disease,Ever told you had a heart attack (myocardial infarction)?,No,Overall,Overall,"6,514",94.6,93.9,95.3,529,%,Crude Prevalence,,,BRFSS,CLASS03,Topic10,29,BO1,CAT1,CVDINFR4,RESP054,"(38.635790776000476, -92.56630005299968)"
2014,MO,Missouri,Chronic Health Indicators,Depression,Ever told you that you have a form of depression?,Yes,Overall,Overall,"1,501",21.7,20.3,23.2,940,%,Crude Prevalence,,,BRFSS,CLASS03,Topic17,29,BO1,CAT1,ADDEPEV2,RESP046,"(38.635790776000476, -92.56630005299968)"
2014,MO,Missouri,Chronic Health Indicators,Depression,Ever told you that you have a form of depression?,No,Overall,Overall,"5,545",78.3,76.8,79.7,941,%,Crude Prevalence,,,BRFSS,CLASS03,Topic17,29,BO1,CAT1,ADDEPEV2,RESP054,"(38.635790776000476, -92.56630005299968)"
2014,MO,Missouri,Chronic Health Indicators,Other Cancer,Ever told you had any other types of cancer?,Yes,Overall,Overall,753,7.2,6.4,7.9,802,%,Crude Prevalence,,,BRFSS,CLASS03,Topic40,29,BO1,CAT1,CHCOCNCR,RESP046,"(38.635790776000476, -92.56630005299968)"
2014,MO,Missouri,Chronic Health Indicators,Other Cancer,Ever told you had any other types of cancer?,No,Overall,Overall,"6,315",92.8,92.1,93.6,803,%,Crude Prevalence,,,BRFSS,CLASS03,Topic40,29,BO1,CAT1,CHCOCNCR,RESP054,"(38.635790776000476, -92.56630005299968)"
2014,MT,Montana,Chronic Health Indicators,Cardiovascular Disease,Ever told you had a heart attack (myocardial infarction)?,Yes,Overall,Overall,462,4.2,3.6,4.7,526,%,Crude Prevalence,,,BRFSS,CLASS03,Topic10,30,BO1,CAT1,CVDINFR4,RESP046,"(47.06652897200047, -109.42442064499971)"
2014,MT,Montana,Chronic Health Indicators,Cardiovascular Disease,Ever told you had a heart attack (myocardial infarction)?,No,Overall,Overall,"7,006",95.8,95.3,96.4,527,%,Crude Prevalence,,,BRFSS,CLASS03,Topic10,30,BO1,CAT1,CVDINFR4,RESP054,"(47.06652897200047, -109.42442064499971)"
2014,MT,Montana,Chronic Health Indicators,Depression,Ever told you that you have a form of depression?,Yes,Overall,Overall,"1,464",20.4,19.1,21.8,935,%,Crude Prevalence,,,BRFSS,CLASS03,Topic17,30,BO1,CAT1,ADDEPEV2,RESP046,"(47.06652897200047, -109.42442064499971)"
2014,MT,Montana,Chronic Health Indicators,Depression,Ever told you that you have a form of depression?,No,Overall,Overall,"5,996",79.6,78.2,80.9,936,%,Crude Prevalence,,,BRFSS,CLASS03,Topic17,30,BO1,CAT1,ADDEPEV2,RESP054,"(47.06652897200047, -109.42442064499971)"
2014,MT,Montana,Chronic Health Indicators,Other Cancer,Ever told you had any other types of cancer?,Yes,Overall,Overall,757,7.5,6.8,8.3,797,%,Crude Prevalence,,,BRFSS,CLASS03,Topic40,30,BO1,CAT1,CHCOCNCR,RESP046,"(47.06652897200047, -109.42442064499971)"
2014,MT,Montana,Chronic Health Indicators,Other Cancer,Ever told you had any other types of cancer?,No,Overall,Overall,"6,728",92.5,91.7,93.2,798,%,Crude Prevalence,,,BRFSS,CLASS03,Topic40,30,BO1,CAT1,CHCOCNCR,RESP054,"(47.06652897200047, -109.42442064499971)"
2014,NE,Nebraska,Chronic Health Indicators,Cardiovascular Disease,Ever told you had a heart attack (myocardial infarction)?,Yes,Overall,Overall,"1,259",3.8,3.5,4.1,528,%,Crude Prevalence,,,BRFSS,CLASS03,Topic10,31,BO1,CAT1,CVDINFR4,RESP046,"(41.6410409880005, -99.36572062299967)"
2014,NE,Nebraska,Chronic Health Indicators,Cardiovascular Disease,Ever told you had a heart attack (myocardial infarction)?,No,Overall,Overall,"21,050",96.2,95.9,96.5,529,%,Crude Prevalence,,,BRFSS,CLASS03,Topic10,31,BO1,CAT1,CVDINFR4,RESP054,"(41.6410409880005, -99.36572062299967)"
2014,NE,Nebraska,Chronic Health Indicators,Depression,Ever told you that you have a form of depression?,Yes,Overall,Overall,"3,813",17.7,16.9,18.5,942,%,Crude Prevalence,,,BRFSS,CLASS03,Topic17,31,BO1,CAT1,ADDEPEV2,RESP046,"(41.6410409880005, -99.36572062299967)"
2014,NE,Nebraska,Chronic Health Indicators,Depression,Ever told you that you have a form of depression?,No,Overall,Overall,"18,533",82.3,81.5,83.1,943,%,Crude Prevalence,,,BRFSS,CLASS03,Topic17,31,BO1,CAT1,ADDEPEV2,RESP054,"(41.6410409880005, -99.36572062299967)"
2014,NE,Nebraska,Chronic Health Indicators,Other Cancer,Ever told you had any other types of cancer?,Yes,Overall,Overall,"1,996",6.1,5.7,6.5,804,%,Crude Prevalence,,,BRFSS,CLASS03,Topic40,31,BO1,CAT1,CHCOCNCR,RESP046,"(41.6410409880005, -99.36572062299967)"
2014,NE,Nebraska,Chronic Health Indicators,Other Cancer,Ever told you had any other types of cancer?,No,Overall,Overall,"20,384",93.9,93.5,94.3,805,%,Crude Prevalence,,,BRFSS,CLASS03,Topic40,31,BO1,CAT1,CHCOCNCR,RESP054,"(41.6410409880005, -99.36572062299967)"
2014,NV,Nevada,Chronic Health Indicators,Cardiovascular Disease,Ever told you had a heart attack (myocardial infarction)?,Yes,Overall,Overall,234,4.8,3.9,5.7,527,%,Crude Prevalence,,,BRFSS,CLASS03,Topic10,32,BO1,CAT1,CVDINFR4,RESP046,"(39.493240390000494, -117.07184056399967)"
2014,NV,Nevada,Chronic Health Indicators,Cardiovascular Disease,Ever told you had a heart attack (myocardial infarction)?,No,Overall,Overall,"3,505",95.2,94.3,96.1,528,%,Crude Prevalence,,,BRFSS,CLASS03,Topic10,32,BO1,CAT1,CVDINFR4,RESP054,"(39.493240390000494, -117.07184056399967)"
2014,NV,Nevada,Chronic Health Indicators,Depression,Ever told you that you have a form of depression?,Yes,Overall,Overall,658,15.6,13.8,17.4,939,%,Crude Prevalence,,,BRFSS,CLASS03,Topic17,32,BO1,CAT1,ADDEPEV2,RESP046,"(39.493240390000494, -117.07184056399967)"
2014,NV,Nevada,Chronic Health Indicators,Depression,Ever told you that you have a form of depression?,No,Overall,Overall,"3,076",84.4,82.6,86.2,940,%,Crude Prevalence,,,BRFSS,CLASS03,Topic17,32,BO1,CAT1,ADDEPEV2,RESP054,"(39.493240390000494, -117.07184056399967)"
2014,NV,Nevada,Chronic Health Indicators,Other Cancer,Ever told you had any other types of cancer?,Yes,Overall,Overall,368,5.9,4.9,6.8,801,%,Crude Prevalence,,,BRFSS,CLASS03,Topic40,32,BO1,CAT1,CHCOCNCR,RESP046,"(39.493240390000494, -117.07184056399967)"
2014,NV,Nevada,Chronic Health Indicators,Other Cancer,Ever told you had any other types of cancer?,No,Overall,Overall,"3,379",94.1,93.2,95.1,802,%,Crude Prevalence,,,BRFSS,CLASS03,Topic40,32,BO1,CAT1,CHCOCNCR,RESP054,"(39.493240390000494, -117.07184056399967)"
2014,NH,New Hampshire,Chronic Health Indicators,Cardiovascular Disease,Ever told you had a heart attack (myocardial infarction)?,Yes,Overall,Overall,346,3.8,3.3,4.4,526,%,Crude Prevalence,,,BRFSS,CLASS03,Topic10,33,BO1,CAT1,CVDINFR4,RESP046,"(43.65595011300047, -71.50036091999965)"
2014,NH,New Hampshire,Chronic Health Indicators,Cardiovascular Disease,Ever told you had a heart attack (myocardial infarction)?,No,Overall,Overall,"5,812",96.2,95.7,96.8,527,%,Crude Prevalence,,,BRFSS,CLASS03,Topic10,33,BO1,CAT1,CVDINFR4,RESP054,"(43.65595011300047, -71.50036091999965)"
2014,NH,New Hampshire,Chronic Health Indicators,Depression,Ever told you that you have a form of depression?,Yes,Overall,Overall,"1,293",21,19.5,22.6,936,%,Crude Prevalence,,,BRFSS,CLASS03,Topic17,33,BO1,CAT1,ADDEPEV2,RESP046,"(43.65595011300047, -71.50036091999965)"
2014,NH,New Hampshire,Chronic Health Indicators,Depression,Ever told you that you have a form of depression?,No,Overall,Overall,"4,866",79,77.4,80.5,937,%,Crude Prevalence,,,BRFSS,CLASS03,Topic17,33,BO1,CAT1,ADDEPEV2,RESP054,"(43.65595011300047, -71.50036091999965)"
2014,NH,New Hampshire,Chronic Health Indicators,Other Cancer,Ever told you had any other types of cancer?,Yes,Overall,Overall,642,8,7.1,8.9,799,%,Crude Prevalence,,,BRFSS,CLASS03,Topic40,33,BO1,CAT1,CHCOCNCR,RESP046,"(43.65595011300047, -71.50036091999965)"
2014,NH,New Hampshire,Chronic Health Indicators,Other Cancer,Ever told you had any other types of cancer?,No,Overall,Overall,"5,523",92,91.1,92.9,800,%,Crude Prevalence,,,BRFSS,CLASS03,Topic40,33,BO1,CAT1,CHCOCNCR,RESP054,"(43.65595011300047, -71.50036091999965)"
2014,NJ,New Jersey,Chronic Health Indicators,Cardiovascular Disease,Ever told you had a heart attack (myocardial infarction)?,Yes,Overall,Overall,701,4.2,3.7,4.7,527,%,Crude Prevalence,,,BRFSS,CLASS03,Topic10,34,BO1,CAT1,CVDINFR4,RESP046,"(40.13057004800049, -74.27369128799967)"
2014,NJ,New Jersey,Chronic Health Indicators,Cardiovascular Disease,Ever told you had a heart attack (myocardial infarction)?,No,Overall,Overall,"12,275",95.8,95.3,96.3,528,%,Crude Prevalence,,,BRFSS,CLASS03,Topic10,34,BO1,CAT1,CVDINFR4,RESP054,"(40.13057004800049, -74.27369128799967)"
2014,NJ,New Jersey,Chronic Health Indicators,Depression,Ever told you that you have a form of depression?,Yes,Overall,Overall,"1,878",13.4,12.5,14.3,941,%,Crude Prevalence,,,BRFSS,CLASS03,Topic17,34,BO1,CAT1,ADDEPEV2,RESP046,"(40.13057004800049, -74.27369128799967)"
2014,NJ,New Jersey,Chronic Health Indicators,Depression,Ever told you that you have a form of depression?,No,Overall,Overall,"11,099",86.6,85.8,87.5,942,%,Crude Prevalence,,,BRFSS,CLASS03,Topic17,34,BO1,CAT1,ADDEPEV2,RESP054,"(40.13057004800049, -74.27369128799967)"
2014,NJ,New Jersey,Chronic Health Indicators,Other Cancer,Ever told you had any other types of cancer?,Yes,Overall,Overall,"1,096",6,5.4,6.6,803,%,Crude Prevalence,,,BRFSS,CLASS03,Topic40,34,BO1,CAT1,CHCOCNCR,RESP046,"(40.13057004800049, -74.27369128799967)"
2014,NJ,New Jersey,Chronic Health Indicators,Other Cancer,Ever told you had any other types of cancer?,No,Overall,Overall,"11,914",94,93.4,94.6,804,%,Crude Prevalence,,,BRFSS,CLASS03,Topic40,34,BO1,CAT1,CHCOCNCR,RESP054,"(40.13057004800049, -74.27369128799967)"
2014,NM,New Mexico,Chronic Health Indicators,Cardiovascular Disease,Ever told you had a heart attack (myocardial infarction)?,Yes,Overall,Overall,508,4.2,3.7,4.7,527,%,Crude Prevalence,,,BRFSS,CLASS03,Topic10,35,BO1,CAT1,CVDINFR4,RESP046,"(34.52088095200048, -106.24058098499967)"
2014,NM,New Mexico,Chronic Health Indicators,Cardiovascular Disease,Ever told you had a heart attack (myocardial infarction)?,No,Overall,Overall,"8,392",95.8,95.3,96.3,528,%,Crude Prevalence,,,BRFSS,CLASS03,Topic10,35,BO1,CAT1,CVDINFR4,RESP054,"(34.52088095200048, -106.24058098499967)"
2014,NM,New Mexico,Chronic Health Indicators,Depression,Ever told you that you have a form of depression?,Yes,Overall,Overall,"1,833",21.1,19.8,22.4,939,%,Crude Prevalence,,,BRFSS,CLASS03,Topic17,35,BO1,CAT1,ADDEPEV2,RESP046,"(34.52088095200048, -106.24058098499967)"
2014,NM,New Mexico,Chronic Health Indicators,Depression,Ever told you that you have a form of depression?,No,Overall,Overall,"7,086",78.9,77.6,80.2,940,%,Crude Prevalence,,,BRFSS,CLASS03,Topic17,35,BO1,CAT1,ADDEPEV2,RESP054,"(34.52088095200048, -106.24058098499967)"
2014,NM,New Mexico,Chronic Health Indicators,Other Cancer,Ever told you had any other types of cancer?,Yes,Overall,Overall,819,6.9,6.2,7.6,801,%,Crude Prevalence,,,BRFSS,CLASS03,Topic40,35,BO1,CAT1,CHCOCNCR,RESP046,"(34.52088095200048, -106.24058098499967)"
2014,NM,New Mexico,Chronic Health Indicators,Other Cancer,Ever told you had any other types of cancer?,No,Overall,Overall,"8,104",93.1,92.4,93.8,802,%,Crude Prevalence,,,BRFSS,CLASS03,Topic40,35,BO1,CAT1,CHCOCNCR,RESP054,"(34.52088095200048, -106.24058098499967)"
2014,NY,New York,Chronic Health Indicators,Cardiovascular Disease,Ever told you had a heart attack (myocardial infarction)?,Yes,Overall,Overall,327,3.8,3.3,4.3,527,%,Crude Prevalence,,,BRFSS,CLASS03,Topic10,36,BO1,CAT1,CVDINFR4,RESP046,"(42.82700103200045, -75.54397042699964)"
2014,NY,New York,Chronic Health Indicators,Cardiovascular Disease,Ever told you had a heart attack (myocardial infarction)?,No,Overall,Overall,"6,490",96.2,95.7,96.7,528,%,Crude Prevalence,,,BRFSS,CLASS03,Topic10,36,BO1,CAT1,CVDINFR4,RESP054,"(42.82700103200045, -75.54397042699964)"
2014,NY,New York,Chronic Health Indicators,Depression,Ever told you that you have a form of depression?,Yes,Overall,Overall,"1,128",15.9,14.8,17,939,%,Crude Prevalence,,,BRFSS,CLASS03,Topic17,36,BO1,CAT1,ADDEPEV2,RESP046,"(42.82700103200045, -75.54397042699964)"
2014,NY,New York,Chronic Health Indicators,Depression,Ever told you that you have a form of depression?,No,Overall,Overall,"5,706",84.1,83,85.2,940,%,Crude Prevalence,,,BRFSS,CLASS03,Topic17,36,BO1,CAT1,ADDEPEV2,RESP054,"(42.82700103200045, -75.54397042699964)"
2014,NY,New York,Chronic Health Indicators,Other Cancer,Ever told you had any other types of cancer?,Yes,Overall,Overall,572,5.8,5.2,6.5,801,%,Crude Prevalence,,,BRFSS,CLASS03,Topic40,36,BO1,CAT1,CHCOCNCR,RESP046,"(42.82700103200045, -75.54397042699964)"
2014,NY,New York,Chronic Health Indicators,Other Cancer,Ever told you had any other types of cancer?,No,Overall,Overall,"6,274",94.2,93.6,94.8,802,%,Crude Prevalence,,,BRFSS,CLASS03,Topic40,36,BO1,CAT1,CHCOCNCR,RESP054,"(42.82700103200045, -75.54397042699964)"
2014,NC,North Carolina,Chronic Health Indicators,Cardiovascular Disease,Ever told you had a heart attack (myocardial infarction)?,Yes,Overall,Overall,456,5.1,4.5,5.6,527,%,Crude Prevalence,,,BRFSS,CLASS03,Topic10,37,BO1,CAT1,CVDINFR4,RESP046,"(35.466220975000454, -79.15925046299964)"
2014,NC,North Carolina,Chronic Health Indicators,Cardiovascular Disease,Ever told you had a heart attack (myocardial infarction)?,No,Overall,Overall,"6,781",94.9,94.4,95.5,528,%,Crude Prevalence,,,BRFSS,CLASS03,Topic10,37,BO1,CAT1,CVDINFR4,RESP054,"(35.466220975000454, -79.15925046299964)"
2014,NC,North Carolina,Chronic Health Indicators,Depression,Ever told you that you have a form of depression?,Yes,Overall,Overall,"1,430",19,17.9,20.1,940,%,Crude Prevalence,,,BRFSS,CLASS03,Topic17,37,BO1,CAT1,ADDEPEV2,RESP046,"(35.466220975000454, -79.15925046299964)"
2014,NC,North Carolina,Chronic Health Indicators,Depression,Ever told you that you have a form of depression?,No,Overall,Overall,"5,824",81,79.9,82.1,941,%,Crude Prevalence,,,BRFSS,CLASS03,Topic17,37,BO1,CAT1,ADDEPEV2,RESP054,"(35.466220975000454, -79.15925046299964)"
2014,NC,North Carolina,Chronic Health Indicators,Other Cancer,Ever told you had any other types of cancer?,Yes,Overall,Overall,621,6.2,5.6,6.8,802,%,Crude Prevalence,,,BRFSS,CLASS03,Topic40,37,BO1,CAT1,CHCOCNCR,RESP046,"(35.466220975000454, -79.15925046299964)"
2014,NC,North Carolina,Chronic Health Indicators,Other Cancer,Ever told you had any other types of cancer?,No,Overall,Overall,"6,646",93.8,93.3,94.4,803,%,Crude Prevalence,,,BRFSS,CLASS03,Topic40,37,BO1,CAT1,CHCOCNCR,RESP054,"(35.466220975000454, -79.15925046299964)"
2014,ND,North Dakota,Chronic Health Indicators,Cardiovascular Disease,Ever told you had a heart attack (myocardial infarction)?,Yes,Overall,Overall,516,4.6,4,5.2,525,%,Crude Prevalence,,,BRFSS,CLASS03,Topic10,38,BO1,CAT1,CVDINFR4,RESP046,"(47.47531977900047, -100.11842104899966)"
2014,ND,North Dakota,Chronic Health Indicators,Cardiovascular Disease,Ever told you had a heart attack (myocardial infarction)?,No,Overall,Overall,"7,234",95.4,94.8,96,526,%,Crude Prevalence,,,BRFSS,CLASS03,Topic10,38,BO1,CAT1,CVDINFR4,RESP054,"(47.47531977900047, -100.11842104899966)"
2014,ND,North Dakota,Chronic Health Indicators,Depression,Ever told you that you have a form of depression?,Yes,Overall,Overall,"1,200",17.3,15.9,18.7,925,%,Crude Prevalence,,,BRFSS,CLASS03,Topic17,38,BO1,CAT1,ADDEPEV2,RESP046,"(47.47531977900047, -100.11842104899966)"
2014,ND,North Dakota,Chronic Health Indicators,Depression,Ever told you that you have a form of depression?,No,Overall,Overall,"6,556",82.7,81.3,84.1,926,%,Crude Prevalence,,,BRFSS,CLASS03,Topic17,38,BO1,CAT1,ADDEPEV2,RESP054,"(47.47531977900047, -100.11842104899966)"
2014,ND,North Dakota,Chronic Health Indicators,Other Cancer,Ever told you had any other types of cancer?,Yes,Overall,Overall,726,6.2,5.5,6.9,788,%,Crude Prevalence,,,BRFSS,CLASS03,Topic40,38,BO1,CAT1,CHCOCNCR,RESP046,"(47.47531977900047, -100.11842104899966)"
2014,ND,North Dakota,Chronic Health Indicators,Other Cancer,Ever told you had any other types of cancer?,No,Overall,Overall,"7,049",93.8,93.1,94.5,789,%,Crude Prevalence,,,BRFSS,CLASS03,Topic40,38,BO1,CAT1,CHCOCNCR,RESP054,"(47.47531977900047, -100.11842104899966)"
2014,OH,Ohio,Chronic Health Indicators,Cardiovascular Disease,Ever told you had a heart attack (myocardial infarction)?,Yes,Overall,Overall,807,5.4,4.8,6,527,%,Crude Prevalence,,,BRFSS,CLASS03,Topic10,39,BO1,CAT1,CVDINFR4,RESP046,"(40.06021014100048, -82.40426005599966)"
2014,OH,Ohio,Chronic Health Indicators,Cardiovascular Disease,Ever told you had a heart attack (myocardial infarction)?,No,Overall,Overall,"10,072",94.6,94,95.2,528,%,Crude Prevalence,,,BRFSS,CLASS03,Topic10,39,BO1,CAT1,CVDINFR4,RESP054,"(40.06021014100048, -82.40426005599966)"
2014,OH,Ohio,Chronic Health Indicators,Depression,Ever told you that you have a form of depression?,Yes,Overall,Overall,"2,289",20.9,19.6,22.1,940,%,Crude Prevalence,,,BRFSS,CLASS03,Topic17,39,BO1,CAT1,ADDEPEV2,RESP046,"(40.06021014100048, -82.40426005599966)"
2014,OH,Ohio,Chronic Health Indicators,Depression,Ever told you that you have a form of depression?,No,Overall,Overall,"8,604",79.1,77.9,80.4,941,%,Crude Prevalence,,,BRFSS,CLASS03,Topic17,39,BO1,CAT1,ADDEPEV2,RESP054,"(40.06021014100048, -82.40426005599966)"
2014,OH,Ohio,Chronic Health Indicators,Other Cancer,Ever told you had any other types of cancer?,Yes,Overall,Overall,"1,063",6.4,5.8,6.9,802,%,Crude Prevalence,,,BRFSS,CLASS03,Topic40,39,BO1,CAT1,CHCOCNCR,RESP046,"(40.06021014100048, -82.40426005599966)"
2014,OH,Ohio,Chronic Health Indicators,Other Cancer,Ever told you had any other types of cancer?,No,Overall,Overall,"9,840",93.6,93.1,94.2,803,%,Crude Prevalence,,,BRFSS,CLASS03,Topic40,39,BO1,CAT1,CHCOCNCR,RESP054,"(40.06021014100048, -82.40426005599966)"
2014,OK,Oklahoma,Chronic Health Indicators,Cardiovascular Disease,Ever told you had a heart attack (myocardial infarction)?,Yes,Overall,Overall,606,5.5,4.9,6,528,%,Crude Prevalence,,,BRFSS,CLASS03,Topic10,40,BO1,CAT1,CVDINFR4,RESP046,"(35.47203135600046, -97.52107021399968)"
2014,OK,Oklahoma,Chronic Health Indicators,Cardiovascular Disease,Ever told you had a heart attack (myocardial infarction)?,No,Overall,Overall,"7,799",94.5,94,95.1,529,%,Crude Prevalence,,,BRFSS,CLASS03,Topic10,40,BO1,CAT1,CVDINFR4,RESP054,"(35.47203135600046, -97.52107021399968)"
2014,OK,Oklahoma,Chronic Health Indicators,Depression,Ever told you that you have a form of depression?,Yes,Overall,Overall,"1,874",21.8,20.7,23,941,%,Crude Prevalence,,,BRFSS,CLASS03,Topic17,40,BO1,CAT1,ADDEPEV2,RESP046,"(35.47203135600046, -97.52107021399968)"
2014,OK,Oklahoma,Chronic Health Indicators,Depression,Ever told you that you have a form of depression?,No,Overall,Overall,"6,539",78.2,77,79.3,942,%,Crude Prevalence,,,BRFSS,CLASS03,Topic17,40,BO1,CAT1,ADDEPEV2,RESP054,"(35.47203135600046, -97.52107021399968)"
2014,OK,Oklahoma,Chronic Health Indicators,Other Cancer,Ever told you had any other types of cancer?,Yes,Overall,Overall,780,6.2,5.7,6.8,803,%,Crude Prevalence,,,BRFSS,CLASS03,Topic40,40,BO1,CAT1,CHCOCNCR,RESP046,"(35.47203135600046, -97.52107021399968)"
2014,OK,Oklahoma,Chronic Health Indicators,Other Cancer,Ever told you had any other types of cancer?,No,Overall,Overall,"7,650",93.8,93.2,94.3,804,%,Crude Prevalence,,,BRFSS,CLASS03,Topic40,40,BO1,CAT1,CHCOCNCR,RESP054,"(35.47203135600046, -97.52107021399968)"
2014,OR,Oregon,Chronic Health Indicators,Cardiovascular Disease,Ever told you had a heart attack (myocardial infarction)?,Yes,Overall,Overall,305,4.6,3.9,5.2,526,%,Crude Prevalence,,,BRFSS,CLASS03,Topic10,41,BO1,CAT1,CVDINFR4,RESP046,"(44.56744942400047, -120.15503132599969)"
2014,OR,Oregon,Chronic Health Indicators,Cardiovascular Disease,Ever told you had a heart attack (myocardial infarction)?,No,Overall,Overall,"4,898",95.4,94.8,96.1,527,%,Crude Prevalence,,,BRFSS,CLASS03,Topic10,41,BO1,CAT1,CVDINFR4,RESP054,"(44.56744942400047, -120.15503132599969)"
2014,OR,Oregon,Chronic Health Indicators,Depression,Ever told you that you have a form of depression?,Yes,Overall,Overall,"1,268",24,22.4,25.5,936,%,Crude Prevalence,,,BRFSS,CLASS03,Topic17,41,BO1,CAT1,ADDEPEV2,RESP046,"(44.56744942400047, -120.15503132599969)"
2014,OR,Oregon,Chronic Health Indicators,Depression,Ever told you that you have a form of depression?,No,Overall,Overall,"3,929",76.1,74.5,77.6,937,%,Crude Prevalence,,,BRFSS,CLASS03,Topic17,41,BO1,CAT1,ADDEPEV2,RESP054,"(44.56744942400047, -120.15503132599969)"
2014,OR,Oregon,Chronic Health Indicators,Other Cancer,Ever told you had any other types of cancer?,Yes,Overall,Overall,593,7.9,7.1,8.7,798,%,Crude Prevalence,,,BRFSS,CLASS03,Topic40,41,BO1,CAT1,CHCOCNCR,RESP046,"(44.56744942400047, -120.15503132599969)"
2014,OR,Oregon,Chronic Health Indicators,Other Cancer,Ever told you had any other types of cancer?,No,Overall,Overall,"4,614",92.1,91.3,92.9,799,%,Crude Prevalence,,,BRFSS,CLASS03,Topic40,41,BO1,CAT1,CHCOCNCR,RESP054,"(44.56744942400047, -120.15503132599969)"
2014,PA,Pennsylvania,Chronic Health Indicators,Cardiovascular Disease,Ever told you had a heart attack (myocardial infarction)?,Yes,Overall,Overall,726,4.8,4.3,5.2,525,%,Crude Prevalence,,,BRFSS,CLASS03,Topic10,42,BO1,CAT1,CVDINFR4,RESP046,"(40.79373015200048, -77.86070029399963)"
2014,PA,Pennsylvania,Chronic Health Indicators,Cardiovascular Disease,Ever told you had a heart attack (myocardial infarction)?,No,Overall,Overall,"10,218",95.2,94.8,95.7,526,%,Crude Prevalence,,,BRFSS,CLASS03,Topic10,42,BO1,CAT1,CVDINFR4,RESP054,"(40.79373015200048, -77.86070029399963)"
2014,PA,Pennsylvania,Chronic Health Indicators,Depression,Ever told you that you have a form of depression?,Yes,Overall,Overall,"2,184",19.7,18.6,20.7,938,%,Crude Prevalence,,,BRFSS,CLASS03,Topic17,42,BO1,CAT1,ADDEPEV2,RESP046,"(40.79373015200048, -77.86070029399963)"
2014,PA,Pennsylvania,Chronic Health Indicators,Depression,Ever told you that you have a form of depression?,No,Overall,Overall,"8,765",80.4,79.3,81.4,939,%,Crude Prevalence,,,BRFSS,CLASS03,Topic17,42,BO1,CAT1,ADDEPEV2,RESP054,"(40.79373015200048, -77.86070029399963)"
2014,PA,Pennsylvania,Chronic Health Indicators,Other Cancer,Ever told you had any other types of cancer?,Yes,Overall,Overall,"1,103",6.9,6.3,7.4,800,%,Crude Prevalence,,,BRFSS,CLASS03,Topic40,42,BO1,CAT1,CHCOCNCR,RESP046,"(40.79373015200048, -77.86070029399963)"
2014,PA,Pennsylvania,Chronic Health Indicators,Other Cancer,Ever told you had any other types of cancer?,No,Overall,Overall,"9,872",93.2,92.6,93.7,801,%,Crude Prevalence,,,BRFSS,CLASS03,Topic40,42,BO1,CAT1,CHCOCNCR,RESP054,"(40.79373015200048, -77.86070029399963)"
2014,RI,Rhode Island,Chronic Health Indicators,Cardiovascular Disease,Ever told you had a heart attack (myocardial infarction)?,Yes,Overall,Overall,356,4.3,3.7,4.8,525,%,Crude Prevalence,,,BRFSS,CLASS03,Topic10,44,BO1,CAT1,CVDINFR4,RESP046,"(41.70828019300046, -71.52247031399963)"
2014,RI,Rhode Island,Chronic Health Indicators,Cardiovascular Disease,Ever told you had a heart attack (myocardial infarction)?,No,Overall,Overall,"6,050",95.8,95.2,96.3,526,%,Crude Prevalence,,,BRFSS,CLASS03,Topic10,44,BO1,CAT1,CVDINFR4,RESP054,"(41.70828019300046, -71.52247031399963)"
2014,RI,Rhode Island,Chronic Health Indicators,Depression,Ever told you that you have a form of depression?,Yes,Overall,Overall,"1,343",20.6,19.2,22.1,935,%,Crude Prevalence,,,BRFSS,CLASS03,Topic17,44,BO1,CAT1,ADDEPEV2,RESP046,"(41.70828019300046, -71.52247031399963)"
2014,RI,Rhode Island,Chronic Health Indicators,Depression,Ever told you that you have a form of depression?,No,Overall,Overall,"5,070",79.4,77.9,80.8,936,%,Crude Prevalence,,,BRFSS,CLASS03,Topic17,44,BO1,CAT1,ADDEPEV2,RESP054,"(41.70828019300046, -71.52247031399963)"
2014,RI,Rhode Island,Chronic Health Indicators,Other Cancer,Ever told you had any other types of cancer?,Yes,Overall,Overall,627,6.8,6.1,7.5,797,%,Crude Prevalence,,,BRFSS,CLASS03,Topic40,44,BO1,CAT1,CHCOCNCR,RESP046,"(41.70828019300046, -71.52247031399963)"
2014,RI,Rhode Island,Chronic Health Indicators,Other Cancer,Ever told you had any other types of cancer?,No,Overall,Overall,"5,799",93.2,92.5,93.9,798,%,Crude Prevalence,,,BRFSS,CLASS03,Topic40,44,BO1,CAT1,CHCOCNCR,RESP054,"(41.70828019300046, -71.52247031399963)"
2014,SC,South Carolina,Chronic Health Indicators,Cardiovascular Disease,Ever told you had a heart attack (myocardial infarction)?,Yes,Overall,Overall,699,4.6,4.2,5.1,528,%,Crude Prevalence,,,BRFSS,CLASS03,Topic10,45,BO1,CAT1,CVDINFR4,RESP046,"(33.998821303000454, -81.04537120699968)"
2014,SC,South Carolina,Chronic Health Indicators,Cardiovascular Disease,Ever told you had a heart attack (myocardial infarction)?,No,Overall,Overall,"10,244",95.4,94.9,95.8,529,%,Crude Prevalence,,,BRFSS,CLASS03,Topic10,45,BO1,CAT1,CVDINFR4,RESP054,"(33.998821303000454, -81.04537120699968)"
2014,SC,South Carolina,Chronic Health Indicators,Depression,Ever told you that you have a form of depression?,Yes,Overall,Overall,"2,157",19.9,18.8,20.9,942,%,Crude Prevalence,,,BRFSS,CLASS03,Topic17,45,BO1,CAT1,ADDEPEV2,RESP046,"(33.998821303000454, -81.04537120699968)"
2014,SC,South Carolina,Chronic Health Indicators,Depression,Ever told you that you have a form of depression?,No,Overall,Overall,"8,795",80.2,79.1,81.2,943,%,Crude Prevalence,,,BRFSS,CLASS03,Topic17,45,BO1,CAT1,ADDEPEV2,RESP054,"(33.998821303000454, -81.04537120699968)"
2014,SC,South Carolina,Chronic Health Indicators,Other Cancer,Ever told you had any other types of cancer?,Yes,Overall,Overall,"1,116",7,6.4,7.5,804,%,Crude Prevalence,,,BRFSS,CLASS03,Topic40,45,BO1,CAT1,CHCOCNCR,RESP046,"(33.998821303000454, -81.04537120699968)"
2014,SC,South Carolina,Chronic Health Indicators,Other Cancer,Ever told you had any other types of cancer?,No,Overall,Overall,"9,888",93,92.5,93.6,805,%,Crude Prevalence,,,BRFSS,CLASS03,Topic40,45,BO1,CAT1,CHCOCNCR,RESP054,"(33.998821303000454, -81.04537120699968)"
2014,SD,South Dakota,Chronic Health Indicators,Cardiovascular Disease,Ever told you had a heart attack (myocardial infarction)?,Yes,Overall,Overall,495,5.1,4.3,5.9,527,%,Crude Prevalence,,,BRFSS,CLASS03,Topic10,46,BO1,CAT1,CVDINFR4,RESP046,"(44.353130053000484, -100.3735306369997)"
2014,SD,South Dakota,Chronic Health Indicators,Cardiovascular Disease,Ever told you had a heart attack (myocardial infarction)?,No,Overall,Overall,"6,879",94.9,94.1,95.7,528,%,Crude Prevalence,,,BRFSS,CLASS03,Topic10,46,BO1,CAT1,CVDINFR4,RESP054,"(44.353130053000484, -100.3735306369997)"
2014,SD,South Dakota,Chronic Health Indicators,Depression,Ever told you that you have a form of depression?,Yes,Overall,Overall,"1,168",16.6,15,18.1,937,%,Crude Prevalence,,,BRFSS,CLASS03,Topic17,46,BO1,CAT1,ADDEPEV2,RESP046,"(44.353130053000484, -100.3735306369997)"
2014,SD,South Dakota,Chronic Health Indicators,Depression,Ever told you that you have a form of depression?,No,Overall,Overall,"6,201",83.4,81.9,85,938,%,Crude Prevalence,,,BRFSS,CLASS03,Topic17,46,BO1,CAT1,ADDEPEV2,RESP054,"(44.353130053000484, -100.3735306369997)"
2014,SD,South Dakota,Chronic Health Indicators,Other Cancer,Ever told you had any other types of cancer?,Yes,Overall,Overall,698,6.9,5.9,7.8,799,%,Crude Prevalence,,,BRFSS,CLASS03,Topic40,46,BO1,CAT1,CHCOCNCR,RESP046,"(44.353130053000484, -100.3735306369997)"
2014,SD,South Dakota,Chronic Health Indicators,Other Cancer,Ever told you had any other types of cancer?,No,Overall,Overall,"6,690",93.1,92.2,94.1,800,%,Crude Prevalence,,,BRFSS,CLASS03,Topic40,46,BO1,CAT1,CHCOCNCR,RESP054,"(44.353130053000484, -100.3735306369997)"
2014,TN,Tennessee,Chronic Health Indicators,Cardiovascular Disease,Ever told you had a heart attack (myocardial infarction)?,Yes,Overall,Overall,424,5.7,5,6.4,527,%,Crude Prevalence,,,BRFSS,CLASS03,Topic10,47,BO1,CAT1,CVDINFR4,RESP046,"(35.68094058000048, -85.77449091399967)"
2014,TN,Tennessee,Chronic Health Indicators,Cardiovascular Disease,Ever told you had a heart attack (myocardial infarction)?,No,Overall,Overall,"4,697",94.3,93.6,95,528,%,Crude Prevalence,,,BRFSS,CLASS03,Topic10,47,BO1,CAT1,CVDINFR4,RESP054,"(35.68094058000048, -85.77449091399967)"
2014,TN,Tennessee,Chronic Health Indicators,Depression,Ever told you that you have a form of depression?,Yes,Overall,Overall,"1,142",21.4,19.7,23,937,%,Crude Prevalence,,,BRFSS,CLASS03,Topic17,47,BO1,CAT1,ADDEPEV2,RESP046,"(35.68094058000048, -85.77449091399967)"
2014,TN,Tennessee,Chronic Health Indicators,Depression,Ever told you that you have a form of depression?,No,Overall,Overall,"3,973",78.6,77,80.3,938,%,Crude Prevalence,,,BRFSS,CLASS03,Topic17,47,BO1,CAT1,ADDEPEV2,RESP054,"(35.68094058000048, -85.77449091399967)"
2014,TN,Tennessee,Chronic Health Indicators,Other Cancer,Ever told you had any other types of cancer?,Yes,Overall,Overall,561,7.4,6.5,8.3,800,%,Crude Prevalence,,,BRFSS,CLASS03,Topic40,47,BO1,CAT1,CHCOCNCR,RESP046,"(35.68094058000048, -85.77449091399967)"
2014,TN,Tennessee,Chronic Health Indicators,Other Cancer,Ever told you had any other types of cancer?,No,Overall,Overall,"4,561",92.6,91.7,93.5,801,%,Crude Prevalence,,,BRFSS,CLASS03,Topic40,47,BO1,CAT1,CHCOCNCR,RESP054,"(35.68094058000048, -85.77449091399967)"
2014,TX,Texas,Chronic Health Indicators,Cardiovascular Disease,Ever told you had a heart attack (myocardial infarction)?,Yes,Overall,Overall,832,3.7,3.2,4.1,528,%,Crude Prevalence,,,BRFSS,CLASS03,Topic10,48,BO1,CAT1,CVDINFR4,RESP046,"(31.827240407000488, -99.42677020599967)"
2014,TX,Texas,Chronic Health Indicators,Cardiovascular Disease,Ever told you had a heart attack (myocardial infarction)?,No,Overall,Overall,"14,521",96.3,95.9,96.8,529,%,Crude Prevalence,,,BRFSS,CLASS03,Topic10,48,BO1,CAT1,CVDINFR4,RESP054,"(31.827240407000488, -99.42677020599967)"
2014,TX,Texas,Chronic Health Indicators,Depression,Ever told you that you have a form of depression?,Yes,Overall,Overall,"2,588",14.6,13.7,15.5,942,%,Crude Prevalence,,,BRFSS,CLASS03,Topic17,48,BO1,CAT1,ADDEPEV2,RESP046,"(31.827240407000488, -99.42677020599967)"
2014,TX,Texas,Chronic Health Indicators,Depression,Ever told you that you have a form of depression?,No,Overall,Overall,"12,755",85.4,84.5,86.3,943,%,Crude Prevalence,,,BRFSS,CLASS03,Topic17,48,BO1,CAT1,ADDEPEV2,RESP054,"(31.827240407000488, -99.42677020599967)"
2014,TX,Texas,Chronic Health Indicators,Other Cancer,Ever told you had any other types of cancer?,Yes,Overall,Overall,"1,348",5.3,4.8,5.8,804,%,Crude Prevalence,,,BRFSS,CLASS03,Topic40,48,BO1,CAT1,CHCOCNCR,RESP046,"(31.827240407000488, -99.42677020599967)"
2014,TX,Texas,Chronic Health Indicators,Other Cancer,Ever told you had any other types of cancer?,No,Overall,Overall,"14,039",94.7,94.2,95.2,805,%,Crude Prevalence,,,BRFSS,CLASS03,Topic40,48,BO1,CAT1,CHCOCNCR,RESP054,"(31.827240407000488, -99.42677020599967)"
2014,UT,Utah,Chronic Health Indicators,Cardiovascular Disease,Ever told you had a heart attack (myocardial infarction)?,Yes,Overall,Overall,584,2.9,2.7,3.2,528,%,Crude Prevalence,,,BRFSS,CLASS03,Topic10,49,BO1,CAT1,CVDINFR4,RESP046,"(39.360700171000474, -111.58713063499971)"
2014,UT,Utah,Chronic Health Indicators,Cardiovascular Disease,Ever told you had a heart attack (myocardial infarction)?,No,Overall,Overall,"14,373",97.1,96.8,97.4,529,%,Crude Prevalence,,,BRFSS,CLASS03,Topic10,49,BO1,CAT1,CVDINFR4,RESP054,"(39.360700171000474, -111.58713063499971)"
2014,UT,Utah,Chronic Health Indicators,Depression,Ever told you that you have a form of depression?,Yes,Overall,Overall,"3,110",20.7,19.9,21.5,941,%,Crude Prevalence,,,BRFSS,CLASS03,Topic17,49,BO1,CAT1,ADDEPEV2,RESP046,"(39.360700171000474, -111.58713063499971)"
2014,UT,Utah,Chronic Health Indicators,Depression,Ever told you that you have a form of depression?,No,Overall,Overall,"11,849",79.3,78.5,80.1,942,%,Crude Prevalence,,,BRFSS,CLASS03,Topic17,49,BO1,CAT1,ADDEPEV2,RESP054,"(39.360700171000474, -111.58713063499971)"
2014,UT,Utah,Chronic Health Indicators,Other Cancer,Ever told you had any other types of cancer?,Yes,Overall,Overall,"1,099",5.5,5.1,5.9,803,%,Crude Prevalence,,,BRFSS,CLASS03,Topic40,49,BO1,CAT1,CHCOCNCR,RESP046,"(39.360700171000474, -111.58713063499971)"
2014,UT,Utah,Chronic Health Indicators,Other Cancer,Ever told you had any other types of cancer?,No,Overall,Overall,"13,878",94.5,94.2,94.9,804,%,Crude Prevalence,,,BRFSS,CLASS03,Topic40,49,BO1,CAT1,CHCOCNCR,RESP054,"(39.360700171000474, -111.58713063499971)"
2014,VT,Vermont,Chronic Health Indicators,Cardiovascular Disease,Ever told you had a heart attack (myocardial infarction)?,Yes,Overall,Overall,294,3.8,3.3,4.4,524,%,Crude Prevalence,,,BRFSS,CLASS03,Topic10,50,BO1,CAT1,CVDINFR4,RESP046,"(43.62538123900049, -72.51764079099962)"
2014,VT,Vermont,Chronic Health Indicators,Cardiovascular Disease,Ever told you had a heart attack (myocardial infarction)?,No,Overall,Overall,"6,160",96.2,95.7,96.7,525,%,Crude Prevalence,,,BRFSS,CLASS03,Topic10,50,BO1,CAT1,CVDINFR4,RESP054,"(43.62538123900049, -72.51764079099962)"
2014,VT,Vermont,Chronic Health Indicators,Depression,Ever told you that you have a form of depression?,Yes,Overall,Overall,"1,428",21.8,20.6,23,933,%,Crude Prevalence,,,BRFSS,CLASS03,Topic17,50,BO1,CAT1,ADDEPEV2,RESP046,"(43.62538123900049, -72.51764079099962)"
2014,VT,Vermont,Chronic Health Indicators,Depression,Ever told you that you have a form of depression?,No,Overall,Overall,"5,015",78.2,77,79.4,934,%,Crude Prevalence,,,BRFSS,CLASS03,Topic17,50,BO1,CAT1,ADDEPEV2,RESP054,"(43.62538123900049, -72.51764079099962)"
2014,VT,Vermont,Chronic Health Indicators,Other Cancer,Ever told you had any other types of cancer?,Yes,Overall,Overall,553,7.1,6.4,7.8,796,%,Crude Prevalence,,,BRFSS,CLASS03,Topic40,50,BO1,CAT1,CHCOCNCR,RESP046,"(43.62538123900049, -72.51764079099962)"
2014,VT,Vermont,Chronic Health Indicators,Other Cancer,Ever told you had any other types of cancer?,No,Overall,Overall,"5,906",92.9,92.2,93.6,797,%,Crude Prevalence,,,BRFSS,CLASS03,Topic40,50,BO1,CAT1,CHCOCNCR,RESP054,"(43.62538123900049, -72.51764079099962)"
2014,VA,Virginia,Chronic Health Indicators,Cardiovascular Disease,Ever told you had a heart attack (myocardial infarction)?,Yes,Overall,Overall,536,4.2,3.7,4.6,527,%,Crude Prevalence,,,BRFSS,CLASS03,Topic10,51,BO1,CAT1,CVDINFR4,RESP046,"(37.54268067400045, -78.45789046299967)"
2014,VA,Virginia,Chronic Health Indicators,Cardiovascular Disease,Ever told you had a heart attack (myocardial infarction)?,No,Overall,Overall,"8,902",95.8,95.4,96.3,528,%,Crude Prevalence,,,BRFSS,CLASS03,Topic10,51,BO1,CAT1,CVDINFR4,RESP054,"(37.54268067400045, -78.45789046299967)"
2014,VA,Virginia,Chronic Health Indicators,Depression,Ever told you that you have a form of depression?,Yes,Overall,Overall,"1,660",17.4,16.3,18.4,940,%,Crude Prevalence,,,BRFSS,CLASS03,Topic17,51,BO1,CAT1,ADDEPEV2,RESP046,"(37.54268067400045, -78.45789046299967)"
2014,VA,Virginia,Chronic Health Indicators,Depression,Ever told you that you have a form of depression?,No,Overall,Overall,"7,773",82.6,81.6,83.7,941,%,Crude Prevalence,,,BRFSS,CLASS03,Topic17,51,BO1,CAT1,ADDEPEV2,RESP054,"(37.54268067400045, -78.45789046299967)"
2014,VA,Virginia,Chronic Health Indicators,Other Cancer,Ever told you had any other types of cancer?,Yes,Overall,Overall,802,6.3,5.7,6.8,802,%,Crude Prevalence,,,BRFSS,CLASS03,Topic40,51,BO1,CAT1,CHCOCNCR,RESP046,"(37.54268067400045, -78.45789046299967)"
2014,VA,Virginia,Chronic Health Indicators,Other Cancer,Ever told you had any other types of cancer?,No,Overall,Overall,"8,644",93.8,93.2,94.3,803,%,Crude Prevalence,,,BRFSS,CLASS03,Topic40,51,BO1,CAT1,CHCOCNCR,RESP054,"(37.54268067400045, -78.45789046299967)"
2014,WA,Washington,Chronic Health Indicators,Cardiovascular Disease,Ever told you had a heart attack (myocardial infarction)?,Yes,Overall,Overall,535,3.8,3.3,4.2,528,%,Crude Prevalence,,,BRFSS,CLASS03,Topic10,53,BO1,CAT1,CVDINFR4,RESP046,"(47.52227862900048, -120.47001078999972)"
2014,WA,Washington,Chronic Health Indicators,Cardiovascular Disease,Ever told you had a heart attack (myocardial infarction)?,No,Overall,Overall,"9,501",96.2,95.8,96.7,529,%,Crude Prevalence,,,BRFSS,CLASS03,Topic10,53,BO1,CAT1,CVDINFR4,RESP054,"(47.52227862900048, -120.47001078999972)"
2014,WA,Washington,Chronic Health Indicators,Depression,Ever told you that you have a form of depression?,Yes,Overall,Overall,"2,271",21.6,20.5,22.7,941,%,Crude Prevalence,,,BRFSS,CLASS03,Topic17,53,BO1,CAT1,ADDEPEV2,RESP046,"(47.52227862900048, -120.47001078999972)"
2014,WA,Washington,Chronic Health Indicators,Depression,Ever told you that you have a form of depression?,No,Overall,Overall,"7,776",78.4,77.3,79.5,942,%,Crude Prevalence,,,BRFSS,CLASS03,Topic17,53,BO1,CAT1,ADDEPEV2,RESP054,"(47.52227862900048, -120.47001078999972)"
2014,WA,Washington,Chronic Health Indicators,Other Cancer,Ever told you had any other types of cancer?,Yes,Overall,Overall,"1,088",6.9,6.3,7.4,803,%,Crude Prevalence,,,BRFSS,CLASS03,Topic40,53,BO1,CAT1,CHCOCNCR,RESP046,"(47.52227862900048, -120.47001078999972)"
2014,WA,Washington,Chronic Health Indicators,Other Cancer,Ever told you had any other types of cancer?,No,Overall,Overall,"8,973",93.1,92.6,93.7,804,%,Crude Prevalence,,,BRFSS,CLASS03,Topic40,53,BO1,CAT1,CHCOCNCR,RESP054,"(47.52227862900048, -120.47001078999972)"
2014,WV,West Virginia,Chronic Health Indicators,Cardiovascular Disease,Ever told you had a heart attack (myocardial infarction)?,Yes,Overall,Overall,524,7.4,6.7,8.2,524,%,Crude Prevalence,,,BRFSS,CLASS03,Topic10,54,BO1,CAT1,CVDINFR4,RESP046,"(38.66551020200046, -80.71264013499967)"
2014,WV,West Virginia,Chronic Health Indicators,Cardiovascular Disease,Ever told you had a heart attack (myocardial infarction)?,No,Overall,Overall,"5,655",92.6,91.9,93.3,525,%,Crude Prevalence,,,BRFSS,CLASS03,Topic10,54,BO1,CAT1,CVDINFR4,RESP054,"(38.66551020200046, -80.71264013499967)"
2014,WV,West Virginia,Chronic Health Indicators,Depression,Ever told you that you have a form of depression?,Yes,Overall,Overall,"1,437",23.6,22.3,24.9,938,%,Crude Prevalence,,,BRFSS,CLASS03,Topic17,54,BO1,CAT1,ADDEPEV2,RESP046,"(38.66551020200046, -80.71264013499967)"
2014,WV,West Virginia,Chronic Health Indicators,Depression,Ever told you that you have a form of depression?,No,Overall,Overall,"4,741",76.4,75.1,77.7,939,%,Crude Prevalence,,,BRFSS,CLASS03,Topic17,54,BO1,CAT1,ADDEPEV2,RESP054,"(38.66551020200046, -80.71264013499967)"
2014,WV,West Virginia,Chronic Health Indicators,Other Cancer,Ever told you had any other types of cancer?,Yes,Overall,Overall,610,7.6,6.8,8.3,800,%,Crude Prevalence,,,BRFSS,CLASS03,Topic40,54,BO1,CAT1,CHCOCNCR,RESP046,"(38.66551020200046, -80.71264013499967)"
2014,WV,West Virginia,Chronic Health Indicators,Other Cancer,Ever told you had any other types of cancer?,No,Overall,Overall,"5,573",92.5,91.7,93.2,801,%,Crude Prevalence,,,BRFSS,CLASS03,Topic40,54,BO1,CAT1,CHCOCNCR,RESP054,"(38.66551020200046, -80.71264013499967)"
2014,WI,Wisconsin,Chronic Health Indicators,Cardiovascular Disease,Ever told you had a heart attack (myocardial infarction)?,Yes,Overall,Overall,335,3.7,3.1,4.3,526,%,Crude Prevalence,,,BRFSS,CLASS03,Topic10,55,BO1,CAT1,CVDINFR4,RESP046,"(44.39319117400049, -89.81637074199966)"
2014,WI,Wisconsin,Chronic Health Indicators,Cardiovascular Disease,Ever told you had a heart attack (myocardial infarction)?,No,Overall,Overall,"6,685",96.3,95.7,96.9,527,%,Crude Prevalence,,,BRFSS,CLASS03,Topic10,55,BO1,CAT1,CVDINFR4,RESP054,"(44.39319117400049, -89.81637074199966)"
2014,WI,Wisconsin,Chronic Health Indicators,Depression,Ever told you that you have a form of depression?,Yes,Overall,Overall,"1,149",17,15.7,18.4,937,%,Crude Prevalence,,,BRFSS,CLASS03,Topic17,55,BO1,CAT1,ADDEPEV2,RESP046,"(44.39319117400049, -89.81637074199966)"
2014,WI,Wisconsin,Chronic Health Indicators,Depression,Ever told you that you have a form of depression?,No,Overall,Overall,"5,871",83,81.6,84.3,938,%,Crude Prevalence,,,BRFSS,CLASS03,Topic17,55,BO1,CAT1,ADDEPEV2,RESP054,"(44.39319117400049, -89.81637074199966)"
2014,WI,Wisconsin,Chronic Health Indicators,Other Cancer,Ever told you had any other types of cancer?,Yes,Overall,Overall,626,7,6.2,7.7,799,%,Crude Prevalence,,,BRFSS,CLASS03,Topic40,55,BO1,CAT1,CHCOCNCR,RESP046,"(44.39319117400049, -89.81637074199966)"
2014,WI,Wisconsin,Chronic Health Indicators,Other Cancer,Ever told you had any other types of cancer?,No,Overall,Overall,"6,409",93,92.3,93.8,800,%,Crude Prevalence,,,BRFSS,CLASS03,Topic40,55,BO1,CAT1,CHCOCNCR,RESP054,"(44.39319117400049, -89.81637074199966)"
2014,WY,Wyoming,Chronic Health Indicators,Cardiovascular Disease,Ever told you had a heart attack (myocardial infarction)?,Yes,Overall,Overall,468,4.6,4,5.3,525,%,Crude Prevalence,,,BRFSS,CLASS03,Topic10,56,BO1,CAT1,CVDINFR4,RESP046,"(43.23554134300048, -108.10983035299967)"
2014,WY,Wyoming,Chronic Health Indicators,Cardiovascular Disease,Ever told you had a heart attack (myocardial infarction)?,No,Overall,Overall,"5,917",95.4,94.8,96,526,%,Crude Prevalence,,,BRFSS,CLASS03,Topic10,56,BO1,CAT1,CVDINFR4,RESP054,"(43.23554134300048, -108.10983035299967)"
2014,WY,Wyoming,Chronic Health Indicators,Depression,Ever told you that you have a form of depression?,Yes,Overall,Overall,"1,155",19,17.3,20.6,937,%,Crude Prevalence,,,BRFSS,CLASS03,Topic17,56,BO1,CAT1,ADDEPEV2,RESP046,"(43.23554134300048, -108.10983035299967)"
2014,WY,Wyoming,Chronic Health Indicators,Depression,Ever told you that you have a form of depression?,No,Overall,Overall,"5,225",81.1,79.4,82.7,938,%,Crude Prevalence,,,BRFSS,CLASS03,Topic17,56,BO1,CAT1,ADDEPEV2,RESP054,"(43.23554134300048, -108.10983035299967)"
2014,WY,Wyoming,Chronic Health Indicators,Other Cancer,Ever told you had any other types of cancer?,Yes,Overall,Overall,671,6.7,5.8,7.5,799,%,Crude Prevalence,,,BRFSS,CLASS03,Topic40,56,BO1,CAT1,CHCOCNCR,RESP046,"(43.23554134300048, -108.10983035299967)"
2014,WY,Wyoming,Chronic Health Indicators,Other Cancer,Ever told you had any other types of cancer?,No,Overall,Overall,"5,729",93.3,92.5,94.2,800,%,Crude Prevalence,,,BRFSS,CLASS03,Topic40,56,BO1,CAT1,CHCOCNCR,RESP054,"(43.23554134300048, -108.10983035299967)"
2014,GU,Guam,Chronic Health Indicators,Cardiovascular Disease,Ever told you had a heart attack (myocardial infarction)?,Yes,Overall,Overall,89,3.1,2.4,3.9,524,%,Crude Prevalence,,,BRFSS,CLASS03,Topic10,66,BO1,CAT1,CVDINFR4,RESP046,"(13.444304, 144.793731)"
2014,GU,Guam,Chronic Health Indicators,Cardiovascular Disease,Ever told you had a heart attack (myocardial infarction)?,No,Overall,Overall,"2,415",96.9,96.1,97.6,525,%,Crude Prevalence,,,BRFSS,CLASS03,Topic10,66,BO1,CAT1,CVDINFR4,RESP054,"(13.444304, 144.793731)"
2014,GU,Guam,Chronic Health Indicators,Depression,Ever told you that you have a form of depression?,Yes,Overall,Overall,216,8.7,7.1,10.3,931,%,Crude Prevalence,,,BRFSS,CLASS03,Topic17,66,BO1,CAT1,ADDEPEV2,RESP046,"(13.444304, 144.793731)"
2014,GU,Guam,Chronic Health Indicators,Depression,Ever told you that you have a form of depression?,No,Overall,Overall,"2,290",91.3,89.7,92.9,932,%,Crude Prevalence,,,BRFSS,CLASS03,Topic17,66,BO1,CAT1,ADDEPEV2,RESP054,"(13.444304, 144.793731)"
2014,GU,Guam,Chronic Health Indicators,Other Cancer,Ever told you had any other types of cancer?,Yes,Overall,Overall,91,2.8,2.1,3.6,795,%,Crude Prevalence,,,BRFSS,CLASS03,Topic40,66,BO1,CAT1,CHCOCNCR,RESP046,"(13.444304, 144.793731)"
2014,GU,Guam,Chronic Health Indicators,Other Cancer,Ever told you had any other types of cancer?,No,Overall,Overall,"2,416",97.2,96.4,97.9,796,%,Crude Prevalence,,,BRFSS,CLASS03,Topic40,66,BO1,CAT1,CHCOCNCR,RESP054,"(13.444304, 144.793731)"
2014,PR,Puerto Rico,Chronic Health Indicators,Cardiovascular Disease,Ever told you had a heart attack (myocardial infarction)?,Yes,Overall,Overall,389,5.3,4.6,6,493,%,Crude Prevalence,,,BRFSS,CLASS03,Topic10,72,BO1,CAT1,CVDINFR4,RESP046,"(18.220833, -66.590149)"
2014,PR,Puerto Rico,Chronic Health Indicators,Cardiovascular Disease,Ever told you had a heart attack (myocardial infarction)?,No,Overall,Overall,"5,579",94.7,94,95.4,494,%,Crude Prevalence,,,BRFSS,CLASS03,Topic10,72,BO1,CAT1,CVDINFR4,RESP054,"(18.220833, -66.590149)"
2014,PR,Puerto Rico,Chronic Health Indicators,Depression,Ever told you that you have a form of depression?,Yes,Overall,Overall,"1,184",18.5,17.3,19.8,887,%,Crude Prevalence,,,BRFSS,CLASS03,Topic17,72,BO1,CAT1,ADDEPEV2,RESP046,"(18.220833, -66.590149)"
2014,PR,Puerto Rico,Chronic Health Indicators,Depression,Ever told you that you have a form of depression?,No,Overall,Overall,"4,797",81.5,80.3,82.7,888,%,Crude Prevalence,,,BRFSS,CLASS03,Topic17,72,BO1,CAT1,ADDEPEV2,RESP054,"(18.220833, -66.590149)"
2014,PR,Puerto Rico,Chronic Health Indicators,Other Cancer,Ever told you had any other types of cancer?,Yes,Overall,Overall,354,4.3,3.7,4.9,755,%,Crude Prevalence,,,BRFSS,CLASS03,Topic40,72,BO1,CAT1,CHCOCNCR,RESP046,"(18.220833, -66.590149)"
2014,PR,Puerto Rico,Chronic Health Indicators,Other Cancer,Ever told you had any other types of cancer?,No,Overall,Overall,"5,624",95.7,95.1,96.3,756,%,Crude Prevalence,,,BRFSS,CLASS03,Topic40,72,BO1,CAT1,CHCOCNCR,RESP054,"(18.220833, -66.590149)"
2014,UW,All States and DC (median) **,Chronic Health Indicators,Cardiovascular Disease,Ever told you had a heart attack (myocardial infarction)?,Yes,Overall,Overall,51,4.4,,,525,%,Crude Prevalence,**,,BRFSS,CLASS03,Topic10,98,BO1,CAT1,CVDINFR4,RESP046,
2014,UW,All States and DC (median) **,Chronic Health Indicators,Cardiovascular Disease,Ever told you had a heart attack (myocardial infarction)?,No,Overall,Overall,51,95.6,,,526,%,Crude Prevalence,**,,BRFSS,CLASS03,Topic10,98,BO1,CAT1,CVDINFR4,RESP054,
2014,UW,All States and DC (median) **,Chronic Health Indicators,Depression,Ever told you that you have a form of depression?,Yes,Overall,Overall,51,19,,,931,%,Crude Prevalence,**,,BRFSS,CLASS03,Topic17,98,BO1,CAT1,ADDEPEV2,RESP046,
2014,UW,All States and DC (median) **,Chronic Health Indicators,Depression,Ever told you that you have a form of depression?,No,Overall,Overall,51,81.1,,,932,%,Crude Prevalence,**,,BRFSS,CLASS03,Topic17,98,BO1,CAT1,ADDEPEV2,RESP054,
2014,UW,All States and DC (median) **,Chronic Health Indicators,Other Cancer,Ever told you had any other types of cancer?,Yes,Overall,Overall,51,6.8,,,794,%,Crude Prevalence,**,,BRFSS,CLASS03,Topic40,98,BO1,CAT1,CHCOCNCR,RESP046,
2014,UW,All States and DC (median) **,Chronic Health Indicators,Other Cancer,Ever told you had any other types of cancer?,No,Overall,Overall,51,93.2,,,795,%,Crude Prevalence,**,,BRFSS,CLASS03,Topic40,98,BO1,CAT1,CHCOCNCR,RESP054,
2014,US,"All States, DC and Territories (median) **",Chronic Health Indicators,Cardiovascular Disease,Ever told you had a heart attack (myocardial infarction)?,Yes,Overall,Overall,53,4.4,,,525,%,Crude Prevalence,**,,BRFSS,CLASS03,Topic10,99,BO1,CAT1,CVDINFR4,RESP046,
2014,US,"All States, DC and Territories (median) **",Chronic Health Indicators,Cardiovascular Disease,Ever told you had a heart attack (myocardial infarction)?,No,Overall,Overall,53,95.6,,,526,%,Crude Prevalence,**,,BRFSS,CLASS03,Topic10,99,BO1,CAT1,CVDINFR4,RESP054,
2014,US,"All States, DC and Territories (median) **",Chronic Health Indicators,Depression,Ever told you that you have a form of depression?,Yes,Overall,Overall,53,18.7,,,932,%,Crude Prevalence,**,,BRFSS,CLASS03,Topic17,99,BO1,CAT1,ADDEPEV2,RESP046,
2014,US,"All States, DC and Territories (median) **",Chronic Health Indicators,Depression,Ever told you that you have a form of depression?,No,Overall,Overall,53,81.3,,,933,%,Crude Prevalence,**,,BRFSS,CLASS03,Topic17,99,BO1,CAT1,ADDEPEV2,RESP054,
2014,US,"All States, DC and Territories (median) **",Chronic Health Indicators,Other Cancer,Ever told you had any other types of cancer?,Yes,Overall,Overall,53,6.8,,,795,%,Crude Prevalence,**,,BRFSS,CLASS03,Topic40,99,BO1,CAT1,CHCOCNCR,RESP046,
2014,US,"All States, DC and Territories (median) **",Chronic Health Indicators,Other Cancer,Ever told you had any other types of cancer?,No,Overall,Overall,53,93.3,,,796,%,Crude Prevalence,**,,BRFSS,CLASS03,Topic40,99,BO1,CAT1,CHCOCNCR,RESP054,
